2026-08-19 23:49:01,306 INFO    events         [system] bot_stopped user=None 
2026-08-20 00:01:21,885 INFO    bot            бот @AntarcticShop_Robot (id 8838707397) запущен
2026-08-20 00:01:22,257 INFO    events         [system] bot_started user=None 
2026-08-20 00:01:22,360 INFO    aiogram.dispatcher Start polling
2026-08-20 00:01:22,530 INFO    aiogram.dispatcher Run polling for bot @AntarcticShop_Robot id=8838707397 - 'Antarctic Shop'
2026-08-20 00:01:23,009 INFO    events         [user] start_new user=1 новый клиент @Farmaherd
2026-08-20 00:01:24,502 INFO    aiogram.event  Update id=621125357 is handled. Duration 1625 ms by bot id=8838707397
2026-08-20 00:01:24,527 ERROR   bot            ошибка обработки апдейта
Traceback (most recent call last):
  File "C:\tg bot\.venv\Lib\site-packages\sqlalchemy\engine\base.py", line 1969, in _exec_single_context
    self.dialect.do_execute(
    ~~~~~~~~~~~~~~~~~~~~~~~^
        cursor, str_statement, effective_parameters, context
        ^^^^^^^^^^^^^^^^^^^^^^^^^^^^^^^^^^^^^^^^^^^^^^^^^^^^
    )
    ^
  File "C:\tg bot\.venv\Lib\site-packages\sqlalchemy\engine\default.py", line 952, in do_execute
    cursor.execute(statement, parameters)
    ~~~~~~~~~~~~~~^^^^^^^^^^^^^^^^^^^^^^^
  File "C:\tg bot\.venv\Lib\site-packages\sqlalchemy\dialects\sqlite\aiosqlite.py", line 213, in execute
    self._adapt_connection._handle_exception(error)
    ~~~~~~~~~~~~~~~~~~~~~~~~~~~~~~~~~~~~~~~~^^^^^^^
  File "C:\tg bot\.venv\Lib\site-packages\sqlalchemy\dialects\sqlite\aiosqlite.py", line 373, in _handle_exception
    raise error
  File "C:\tg bot\.venv\Lib\site-packages\sqlalchemy\dialects\sqlite\aiosqlite.py", line 195, in execute
    self.await_(_cursor.execute(operation, parameters))
    ~~~~~~~~~~~^^^^^^^^^^^^^^^^^^^^^^^^^^^^^^^^^^^^^^^^
  File "C:\tg bot\.venv\Lib\site-packages\sqlalchemy\util\_concurrency_py3k.py", line 132, in await_only
    return current.parent.switch(awaitable)  # type: ignore[no-any-return,attr-defined] # noqa: E501
           ~~~~~~~~~~~~~~~~~~~~~^^^^^^^^^^^
  File "C:\tg bot\.venv\Lib\site-packages\sqlalchemy\util\_concurrency_py3k.py", line 196, in greenlet_spawn
    value = await result
            ^^^^^^^^^^^^
  File "C:\tg bot\.venv\Lib\site-packages\aiosqlite\cursor.py", line 40, in execute
    await self._execute(self._cursor.execute, sql, parameters)
  File "C:\tg bot\.venv\Lib\site-packages\aiosqlite\cursor.py", line 32, in _execute
    return await self._conn._execute(fn, *args, **kwargs)
           ^^^^^^^^^^^^^^^^^^^^^^^^^^^^^^^^^^^^^^^^^^^^^^
  File "C:\tg bot\.venv\Lib\site-packages\aiosqlite\core.py", line 160, in _execute
    return await future
           ^^^^^^^^^^^^
  File "C:\tg bot\.venv\Lib\site-packages\aiosqlite\core.py", line 63, in _connection_worker_thread
    result = function()
sqlite3.IntegrityError: UNIQUE constraint failed: users.tg_id

The above exception was the direct cause of the following exception:

Traceback (most recent call last):
  File "C:\tg bot\.venv\Lib\site-packages\aiogram\dispatcher\middlewares\error.py", line 27, in __call__
    return await handler(event, data)
           ^^^^^^^^^^^^^^^^^^^^^^^^^^
  File "C:\tg bot\.venv\Lib\site-packages\aiogram\dispatcher\middlewares\user_context.py", line 58, in __call__
    return await handler(event, data)
           ^^^^^^^^^^^^^^^^^^^^^^^^^^
  File "C:\tg bot\.venv\Lib\site-packages\aiogram\fsm\middleware.py", line 43, in __call__
    return await handler(event, data)
           ^^^^^^^^^^^^^^^^^^^^^^^^^^
  File "C:\tg bot\app\bot\middlewares.py", line 32, in __call__
    return await handler(event, data)
           ^^^^^^^^^^^^^^^^^^^^^^^^^^
  File "C:\tg bot\app\bot\middlewares.py", line 46, in __call__
    user, created = await users.touch(
                    ^^^^^^^^^^^^^^^^^^
    ...<8 lines>...
    )
    ^
  File "C:\tg bot\app\services\users.py", line 107, in touch
    await session.flush()  # нужен user.id для лога и привязки
    ^^^^^^^^^^^^^^^^^^^^^
  File "C:\tg bot\.venv\Lib\site-packages\sqlalchemy\ext\asyncio\session.py", line 786, in flush
    await greenlet_spawn(self.sync_session.flush, objects=objects)
  File "C:\tg bot\.venv\Lib\site-packages\sqlalchemy\util\_concurrency_py3k.py", line 203, in greenlet_spawn
    result = context.switch(value)
  File "C:\tg bot\.venv\Lib\site-packages\sqlalchemy\orm\session.py", line 4353, in flush
    self._flush(objects)
    ~~~~~~~~~~~^^^^^^^^^
  File "C:\tg bot\.venv\Lib\site-packages\sqlalchemy\orm\session.py", line 4488, in _flush
    with util.safe_reraise():
         ~~~~~~~~~~~~~~~~~^^
  File "C:\tg bot\.venv\Lib\site-packages\sqlalchemy\util\langhelpers.py", line 122, in __exit__
    raise exc_value.with_traceback(exc_tb)
  File "C:\tg bot\.venv\Lib\site-packages\sqlalchemy\orm\session.py", line 4449, in _flush
    flush_context.execute()
    ~~~~~~~~~~~~~~~~~~~~~^^
  File "C:\tg bot\.venv\Lib\site-packages\sqlalchemy\orm\unitofwork.py", line 465, in execute
    rec.execute(self)
    ~~~~~~~~~~~^^^^^^
  File "C:\tg bot\.venv\Lib\site-packages\sqlalchemy\orm\unitofwork.py", line 641, in execute
    util.preloaded.orm_persistence.save_obj(
    ~~~~~~~~~~~~~~~~~~~~~~~~~~~~~~~~~~~~~~~^
        self.mapper,
        ^^^^^^^^^^^^
        uow.states_for_mapper_hierarchy(self.mapper, False, False),
        ^^^^^^^^^^^^^^^^^^^^^^^^^^^^^^^^^^^^^^^^^^^^^^^^^^^^^^^^^^^
        uow,
        ^^^^
    )
    ^
  File "C:\tg bot\.venv\Lib\site-packages\sqlalchemy\orm\persistence.py", line 94, in save_obj
    _emit_insert_statements(
    ~~~~~~~~~~~~~~~~~~~~~~~^
        base_mapper,
        ^^^^^^^^^^^^
    ...<3 lines>...
        insert,
        ^^^^^^^
    )
    ^
  File "C:\tg bot\.venv\Lib\site-packages\sqlalchemy\orm\persistence.py", line 1234, in _emit_insert_statements
    result = connection.execute(
        statement,
        params,
        execution_options=execution_options,
    )
  File "C:\tg bot\.venv\Lib\site-packages\sqlalchemy\engine\base.py", line 1421, in execute
    return meth(
        self,
        distilled_parameters,
        execution_options or NO_OPTIONS,
    )
  File "C:\tg bot\.venv\Lib\site-packages\sqlalchemy\sql\elements.py", line 526, in _execute_on_connection
    return connection._execute_clauseelement(
           ~~~~~~~~~~~~~~~~~~~~~~~~~~~~~~~~~^
        self, distilled_params, execution_options
        ^^^^^^^^^^^^^^^^^^^^^^^^^^^^^^^^^^^^^^^^^
    )
    ^
  File "C:\tg bot\.venv\Lib\site-packages\sqlalchemy\engine\base.py", line 1643, in _execute_clauseelement
    ret = self._execute_context(
        dialect,
    ...<8 lines>...
        cache_hit=cache_hit,
    )
  File "C:\tg bot\.venv\Lib\site-packages\sqlalchemy\engine\base.py", line 1848, in _execute_context
    return self._exec_single_context(
           ~~~~~~~~~~~~~~~~~~~~~~~~~^
        dialect, context, statement, parameters
        ^^^^^^^^^^^^^^^^^^^^^^^^^^^^^^^^^^^^^^^
    )
    ^
  File "C:\tg bot\.venv\Lib\site-packages\sqlalchemy\engine\base.py", line 1988, in _exec_single_context
    self._handle_dbapi_exception(
    ~~~~~~~~~~~~~~~~~~~~~~~~~~~~^
        e, str_statement, effective_parameters, cursor, context
        ^^^^^^^^^^^^^^^^^^^^^^^^^^^^^^^^^^^^^^^^^^^^^^^^^^^^^^^
    )
    ^
  File "C:\tg bot\.venv\Lib\site-packages\sqlalchemy\engine\base.py", line 2365, in _handle_dbapi_exception
    raise sqlalchemy_exception.with_traceback(exc_info[2]) from e
  File "C:\tg bot\.venv\Lib\site-packages\sqlalchemy\engine\base.py", line 1969, in _exec_single_context
    self.dialect.do_execute(
    ~~~~~~~~~~~~~~~~~~~~~~~^
        cursor, str_statement, effective_parameters, context
        ^^^^^^^^^^^^^^^^^^^^^^^^^^^^^^^^^^^^^^^^^^^^^^^^^^^^
    )
    ^
  File "C:\tg bot\.venv\Lib\site-packages\sqlalchemy\engine\default.py", line 952, in do_execute
    cursor.execute(statement, parameters)
    ~~~~~~~~~~~~~~^^^^^^^^^^^^^^^^^^^^^^^
  File "C:\tg bot\.venv\Lib\site-packages\sqlalchemy\dialects\sqlite\aiosqlite.py", line 213, in execute
    self._adapt_connection._handle_exception(error)
    ~~~~~~~~~~~~~~~~~~~~~~~~~~~~~~~~~~~~~~~~^^^^^^^
  File "C:\tg bot\.venv\Lib\site-packages\sqlalchemy\dialects\sqlite\aiosqlite.py", line 373, in _handle_exception
    raise error
  File "C:\tg bot\.venv\Lib\site-packages\sqlalchemy\dialects\sqlite\aiosqlite.py", line 195, in execute
    self.await_(_cursor.execute(operation, parameters))
    ~~~~~~~~~~~^^^^^^^^^^^^^^^^^^^^^^^^^^^^^^^^^^^^^^^^
  File "C:\tg bot\.venv\Lib\site-packages\sqlalchemy\util\_concurrency_py3k.py", line 132, in await_only
    return current.parent.switch(awaitable)  # type: ignore[no-any-return,attr-defined] # noqa: E501
           ~~~~~~~~~~~~~~~~~~~~~^^^^^^^^^^^
  File "C:\tg bot\.venv\Lib\site-packages\sqlalchemy\util\_concurrency_py3k.py", line 196, in greenlet_spawn
    value = await result
            ^^^^^^^^^^^^
  File "C:\tg bot\.venv\Lib\site-packages\aiosqlite\cursor.py", line 40, in execute
    await self._execute(self._cursor.execute, sql, parameters)
  File "C:\tg bot\.venv\Lib\site-packages\aiosqlite\cursor.py", line 32, in _execute
    return await self._conn._execute(fn, *args, **kwargs)
           ^^^^^^^^^^^^^^^^^^^^^^^^^^^^^^^^^^^^^^^^^^^^^^
  File "C:\tg bot\.venv\Lib\site-packages\aiosqlite\core.py", line 160, in _execute
    return await future
           ^^^^^^^^^^^^
  File "C:\tg bot\.venv\Lib\site-packages\aiosqlite\core.py", line 63, in _connection_worker_thread
    result = function()
sqlalchemy.exc.IntegrityError: (sqlite3.IntegrityError) UNIQUE constraint failed: users.tg_id
[SQL: INSERT INTO users (tg_id, username, first_name, last_name, language_code, is_tg_premium, balance, total_topup, total_spent, ref_earned, orders_count, referrer_id, ref_percent, referrals_count, start_payload, is_banned, ban_reason, banned_until, restrict_buy, restrict_topup, restrict_support, admin_note, last_seen_at, first_paid_at, first_order_at) VALUES (?, ?, ?, ?, ?, ?, ?, ?, ?, ?, ?, ?, ?, ?, ?, ?, ?, ?, ?, ?, ?, ?, ?, ?, ?) RETURNING id, created_at]
[parameters: (8646306185, 'Farmaherd', 'слеш', None, 'ru', 0, 0, 0, 0, 0, 0, None, None, 0, None, 0, None, None, 0, 0, 0, None, '2026-08-19 14:01:22.978776', None, None)]
(Background on this error at: https://sqlalche.me/e/20/gkpj)
2026-08-20 00:01:24,628 ERROR   events         [system] bot_error user=None IntegrityError: (sqlite3.IntegrityError) UNIQUE constraint failed: users.tg_id
[SQL: INSERT INTO users (tg_id, username, first_name, last_name, language_code, is_tg_premium, balance, total_topup, total_spent, ref_earned, orders_count, referrer_id, ref_percent, referrals_count, start_payload, is_banned, ban_reason, banned_until, restrict_buy, restrict_topup, restrict_support, admin_note, last_seen_at, first_paid_at, first_order_at) VALUES (?, ?, ?, ?, ?, ?, ?, ?, ?, ?, ?, ?, ?, ?, ?, ?, ?, ?, ?, ?, ?, ?, ?, ?, ?) RETURNING id, created_at]
[parameters: (8646306185, 'Farmaherd', 'слеш', None, 'ru', 0, 0, 0, 0, 0, 0, None, None, 0, None, 0, None, None, 0, 0, 0, None, '2026-08-19 14:01:22.978776', None, None)]
(Background on this error at: https://sqlalche.me/e/20/gkpj)
2026-08-20 00:01:24,635 ERROR   bot            ошибка обработки апдейта
Traceback (most recent call last):
  File "C:\tg bot\.venv\Lib\site-packages\sqlalchemy\engine\base.py", line 1969, in _exec_single_context
    self.dialect.do_execute(
    ~~~~~~~~~~~~~~~~~~~~~~~^
        cursor, str_statement, effective_parameters, context
        ^^^^^^^^^^^^^^^^^^^^^^^^^^^^^^^^^^^^^^^^^^^^^^^^^^^^
    )
    ^
  File "C:\tg bot\.venv\Lib\site-packages\sqlalchemy\engine\default.py", line 952, in do_execute
    cursor.execute(statement, parameters)
    ~~~~~~~~~~~~~~^^^^^^^^^^^^^^^^^^^^^^^
  File "C:\tg bot\.venv\Lib\site-packages\sqlalchemy\dialects\sqlite\aiosqlite.py", line 213, in execute
    self._adapt_connection._handle_exception(error)
    ~~~~~~~~~~~~~~~~~~~~~~~~~~~~~~~~~~~~~~~~^^^^^^^
  File "C:\tg bot\.venv\Lib\site-packages\sqlalchemy\dialects\sqlite\aiosqlite.py", line 373, in _handle_exception
    raise error
  File "C:\tg bot\.venv\Lib\site-packages\sqlalchemy\dialects\sqlite\aiosqlite.py", line 195, in execute
    self.await_(_cursor.execute(operation, parameters))
    ~~~~~~~~~~~^^^^^^^^^^^^^^^^^^^^^^^^^^^^^^^^^^^^^^^^
  File "C:\tg bot\.venv\Lib\site-packages\sqlalchemy\util\_concurrency_py3k.py", line 132, in await_only
    return current.parent.switch(awaitable)  # type: ignore[no-any-return,attr-defined] # noqa: E501
           ~~~~~~~~~~~~~~~~~~~~~^^^^^^^^^^^
  File "C:\tg bot\.venv\Lib\site-packages\sqlalchemy\util\_concurrency_py3k.py", line 196, in greenlet_spawn
    value = await result
            ^^^^^^^^^^^^
  File "C:\tg bot\.venv\Lib\site-packages\aiosqlite\cursor.py", line 40, in execute
    await self._execute(self._cursor.execute, sql, parameters)
  File "C:\tg bot\.venv\Lib\site-packages\aiosqlite\cursor.py", line 32, in _execute
    return await self._conn._execute(fn, *args, **kwargs)
           ^^^^^^^^^^^^^^^^^^^^^^^^^^^^^^^^^^^^^^^^^^^^^^
  File "C:\tg bot\.venv\Lib\site-packages\aiosqlite\core.py", line 160, in _execute
    return await future
           ^^^^^^^^^^^^
  File "C:\tg bot\.venv\Lib\site-packages\aiosqlite\core.py", line 63, in _connection_worker_thread
    result = function()
sqlite3.IntegrityError: UNIQUE constraint failed: users.tg_id

The above exception was the direct cause of the following exception:

Traceback (most recent call last):
  File "C:\tg bot\.venv\Lib\site-packages\aiogram\dispatcher\middlewares\error.py", line 27, in __call__
    return await handler(event, data)
           ^^^^^^^^^^^^^^^^^^^^^^^^^^
  File "C:\tg bot\.venv\Lib\site-packages\aiogram\dispatcher\middlewares\user_context.py", line 58, in __call__
    return await handler(event, data)
           ^^^^^^^^^^^^^^^^^^^^^^^^^^
  File "C:\tg bot\.venv\Lib\site-packages\aiogram\fsm\middleware.py", line 43, in __call__
    return await handler(event, data)
           ^^^^^^^^^^^^^^^^^^^^^^^^^^
  File "C:\tg bot\app\bot\middlewares.py", line 32, in __call__
    return await handler(event, data)
           ^^^^^^^^^^^^^^^^^^^^^^^^^^
  File "C:\tg bot\app\bot\middlewares.py", line 46, in __call__
    user, created = await users.touch(
                    ^^^^^^^^^^^^^^^^^^
    ...<8 lines>...
    )
    ^
  File "C:\tg bot\app\services\users.py", line 107, in touch
    await session.flush()  # нужен user.id для лога и привязки
    ^^^^^^^^^^^^^^^^^^^^^
  File "C:\tg bot\.venv\Lib\site-packages\sqlalchemy\ext\asyncio\session.py", line 786, in flush
    await greenlet_spawn(self.sync_session.flush, objects=objects)
  File "C:\tg bot\.venv\Lib\site-packages\sqlalchemy\util\_concurrency_py3k.py", line 203, in greenlet_spawn
    result = context.switch(value)
  File "C:\tg bot\.venv\Lib\site-packages\sqlalchemy\orm\session.py", line 4353, in flush
    self._flush(objects)
    ~~~~~~~~~~~^^^^^^^^^
  File "C:\tg bot\.venv\Lib\site-packages\sqlalchemy\orm\session.py", line 4488, in _flush
    with util.safe_reraise():
         ~~~~~~~~~~~~~~~~~^^
  File "C:\tg bot\.venv\Lib\site-packages\sqlalchemy\util\langhelpers.py", line 122, in __exit__
    raise exc_value.with_traceback(exc_tb)
  File "C:\tg bot\.venv\Lib\site-packages\sqlalchemy\orm\session.py", line 4449, in _flush
    flush_context.execute()
    ~~~~~~~~~~~~~~~~~~~~~^^
  File "C:\tg bot\.venv\Lib\site-packages\sqlalchemy\orm\unitofwork.py", line 465, in execute
    rec.execute(self)
    ~~~~~~~~~~~^^^^^^
  File "C:\tg bot\.venv\Lib\site-packages\sqlalchemy\orm\unitofwork.py", line 641, in execute
    util.preloaded.orm_persistence.save_obj(
    ~~~~~~~~~~~~~~~~~~~~~~~~~~~~~~~~~~~~~~~^
        self.mapper,
        ^^^^^^^^^^^^
        uow.states_for_mapper_hierarchy(self.mapper, False, False),
        ^^^^^^^^^^^^^^^^^^^^^^^^^^^^^^^^^^^^^^^^^^^^^^^^^^^^^^^^^^^
        uow,
        ^^^^
    )
    ^
  File "C:\tg bot\.venv\Lib\site-packages\sqlalchemy\orm\persistence.py", line 94, in save_obj
    _emit_insert_statements(
    ~~~~~~~~~~~~~~~~~~~~~~~^
        base_mapper,
        ^^^^^^^^^^^^
    ...<3 lines>...
        insert,
        ^^^^^^^
    )
    ^
  File "C:\tg bot\.venv\Lib\site-packages\sqlalchemy\orm\persistence.py", line 1234, in _emit_insert_statements
    result = connection.execute(
        statement,
        params,
        execution_options=execution_options,
    )
  File "C:\tg bot\.venv\Lib\site-packages\sqlalchemy\engine\base.py", line 1421, in execute
    return meth(
        self,
        distilled_parameters,
        execution_options or NO_OPTIONS,
    )
  File "C:\tg bot\.venv\Lib\site-packages\sqlalchemy\sql\elements.py", line 526, in _execute_on_connection
    return connection._execute_clauseelement(
           ~~~~~~~~~~~~~~~~~~~~~~~~~~~~~~~~~^
        self, distilled_params, execution_options
        ^^^^^^^^^^^^^^^^^^^^^^^^^^^^^^^^^^^^^^^^^
    )
    ^
  File "C:\tg bot\.venv\Lib\site-packages\sqlalchemy\engine\base.py", line 1643, in _execute_clauseelement
    ret = self._execute_context(
        dialect,
    ...<8 lines>...
        cache_hit=cache_hit,
    )
  File "C:\tg bot\.venv\Lib\site-packages\sqlalchemy\engine\base.py", line 1848, in _execute_context
    return self._exec_single_context(
           ~~~~~~~~~~~~~~~~~~~~~~~~~^
        dialect, context, statement, parameters
        ^^^^^^^^^^^^^^^^^^^^^^^^^^^^^^^^^^^^^^^
    )
    ^
  File "C:\tg bot\.venv\Lib\site-packages\sqlalchemy\engine\base.py", line 1988, in _exec_single_context
    self._handle_dbapi_exception(
    ~~~~~~~~~~~~~~~~~~~~~~~~~~~~^
        e, str_statement, effective_parameters, cursor, context
        ^^^^^^^^^^^^^^^^^^^^^^^^^^^^^^^^^^^^^^^^^^^^^^^^^^^^^^^
    )
    ^
  File "C:\tg bot\.venv\Lib\site-packages\sqlalchemy\engine\base.py", line 2365, in _handle_dbapi_exception
    raise sqlalchemy_exception.with_traceback(exc_info[2]) from e
  File "C:\tg bot\.venv\Lib\site-packages\sqlalchemy\engine\base.py", line 1969, in _exec_single_context
    self.dialect.do_execute(
    ~~~~~~~~~~~~~~~~~~~~~~~^
        cursor, str_statement, effective_parameters, context
        ^^^^^^^^^^^^^^^^^^^^^^^^^^^^^^^^^^^^^^^^^^^^^^^^^^^^
    )
    ^
  File "C:\tg bot\.venv\Lib\site-packages\sqlalchemy\engine\default.py", line 952, in do_execute
    cursor.execute(statement, parameters)
    ~~~~~~~~~~~~~~^^^^^^^^^^^^^^^^^^^^^^^
  File "C:\tg bot\.venv\Lib\site-packages\sqlalchemy\dialects\sqlite\aiosqlite.py", line 213, in execute
    self._adapt_connection._handle_exception(error)
    ~~~~~~~~~~~~~~~~~~~~~~~~~~~~~~~~~~~~~~~~^^^^^^^
  File "C:\tg bot\.venv\Lib\site-packages\sqlalchemy\dialects\sqlite\aiosqlite.py", line 373, in _handle_exception
    raise error
  File "C:\tg bot\.venv\Lib\site-packages\sqlalchemy\dialects\sqlite\aiosqlite.py", line 195, in execute
    self.await_(_cursor.execute(operation, parameters))
    ~~~~~~~~~~~^^^^^^^^^^^^^^^^^^^^^^^^^^^^^^^^^^^^^^^^
  File "C:\tg bot\.venv\Lib\site-packages\sqlalchemy\util\_concurrency_py3k.py", line 132, in await_only
    return current.parent.switch(awaitable)  # type: ignore[no-any-return,attr-defined] # noqa: E501
           ~~~~~~~~~~~~~~~~~~~~~^^^^^^^^^^^
  File "C:\tg bot\.venv\Lib\site-packages\sqlalchemy\util\_concurrency_py3k.py", line 196, in greenlet_spawn
    value = await result
            ^^^^^^^^^^^^
  File "C:\tg bot\.venv\Lib\site-packages\aiosqlite\cursor.py", line 40, in execute
    await self._execute(self._cursor.execute, sql, parameters)
  File "C:\tg bot\.venv\Lib\site-packages\aiosqlite\cursor.py", line 32, in _execute
    return await self._conn._execute(fn, *args, **kwargs)
           ^^^^^^^^^^^^^^^^^^^^^^^^^^^^^^^^^^^^^^^^^^^^^^
  File "C:\tg bot\.venv\Lib\site-packages\aiosqlite\core.py", line 160, in _execute
    return await future
           ^^^^^^^^^^^^
  File "C:\tg bot\.venv\Lib\site-packages\aiosqlite\core.py", line 63, in _connection_worker_thread
    result = function()
sqlalchemy.exc.IntegrityError: (sqlite3.IntegrityError) UNIQUE constraint failed: users.tg_id
[SQL: INSERT INTO users (tg_id, username, first_name, last_name, language_code, is_tg_premium, balance, total_topup, total_spent, ref_earned, orders_count, referrer_id, ref_percent, referrals_count, start_payload, is_banned, ban_reason, banned_until, restrict_buy, restrict_topup, restrict_support, admin_note, last_seen_at, first_paid_at, first_order_at) VALUES (?, ?, ?, ?, ?, ?, ?, ?, ?, ?, ?, ?, ?, ?, ?, ?, ?, ?, ?, ?, ?, ?, ?, ?, ?) RETURNING id, created_at]
[parameters: (8646306185, 'Farmaherd', 'слеш', None, 'ru', 0, 0, 0, 0, 0, 0, None, None, 0, None, 0, None, None, 0, 0, 0, None, '2026-08-19 14:01:22.991066', None, None)]
(Background on this error at: https://sqlalche.me/e/20/gkpj)
2026-08-20 00:01:24,673 ERROR   events         [system] bot_error user=None IntegrityError: (sqlite3.IntegrityError) UNIQUE constraint failed: users.tg_id
[SQL: INSERT INTO users (tg_id, username, first_name, last_name, language_code, is_tg_premium, balance, total_topup, total_spent, ref_earned, orders_count, referrer_id, ref_percent, referrals_count, start_payload, is_banned, ban_reason, banned_until, restrict_buy, restrict_topup, restrict_support, admin_note, last_seen_at, first_paid_at, first_order_at) VALUES (?, ?, ?, ?, ?, ?, ?, ?, ?, ?, ?, ?, ?, ?, ?, ?, ?, ?, ?, ?, ?, ?, ?, ?, ?) RETURNING id, created_at]
[parameters: (8646306185, 'Farmaherd', 'слеш', None, 'ru', 0, 0, 0, 0, 0, 0, None, None, 0, None, 0, None, None, 0, 0, 0, None, '2026-08-19 14:01:22.991066', None, None)]
(Background on this error at: https://sqlalche.me/e/20/gkpj)
2026-08-20 00:01:24,756 ERROR   bot            ошибка обработки апдейта
Traceback (most recent call last):
  File "C:\tg bot\.venv\Lib\site-packages\sqlalchemy\engine\base.py", line 1969, in _exec_single_context
    self.dialect.do_execute(
    ~~~~~~~~~~~~~~~~~~~~~~~^
        cursor, str_statement, effective_parameters, context
        ^^^^^^^^^^^^^^^^^^^^^^^^^^^^^^^^^^^^^^^^^^^^^^^^^^^^
    )
    ^
  File "C:\tg bot\.venv\Lib\site-packages\sqlalchemy\engine\default.py", line 952, in do_execute
    cursor.execute(statement, parameters)
    ~~~~~~~~~~~~~~^^^^^^^^^^^^^^^^^^^^^^^
  File "C:\tg bot\.venv\Lib\site-packages\sqlalchemy\dialects\sqlite\aiosqlite.py", line 213, in execute
    self._adapt_connection._handle_exception(error)
    ~~~~~~~~~~~~~~~~~~~~~~~~~~~~~~~~~~~~~~~~^^^^^^^
  File "C:\tg bot\.venv\Lib\site-packages\sqlalchemy\dialects\sqlite\aiosqlite.py", line 373, in _handle_exception
    raise error
  File "C:\tg bot\.venv\Lib\site-packages\sqlalchemy\dialects\sqlite\aiosqlite.py", line 195, in execute
    self.await_(_cursor.execute(operation, parameters))
    ~~~~~~~~~~~^^^^^^^^^^^^^^^^^^^^^^^^^^^^^^^^^^^^^^^^
  File "C:\tg bot\.venv\Lib\site-packages\sqlalchemy\util\_concurrency_py3k.py", line 132, in await_only
    return current.parent.switch(awaitable)  # type: ignore[no-any-return,attr-defined] # noqa: E501
           ~~~~~~~~~~~~~~~~~~~~~^^^^^^^^^^^
  File "C:\tg bot\.venv\Lib\site-packages\sqlalchemy\util\_concurrency_py3k.py", line 196, in greenlet_spawn
    value = await result
            ^^^^^^^^^^^^
  File "C:\tg bot\.venv\Lib\site-packages\aiosqlite\cursor.py", line 40, in execute
    await self._execute(self._cursor.execute, sql, parameters)
  File "C:\tg bot\.venv\Lib\site-packages\aiosqlite\cursor.py", line 32, in _execute
    return await self._conn._execute(fn, *args, **kwargs)
           ^^^^^^^^^^^^^^^^^^^^^^^^^^^^^^^^^^^^^^^^^^^^^^
  File "C:\tg bot\.venv\Lib\site-packages\aiosqlite\core.py", line 160, in _execute
    return await future
           ^^^^^^^^^^^^
  File "C:\tg bot\.venv\Lib\site-packages\aiosqlite\core.py", line 63, in _connection_worker_thread
    result = function()
sqlite3.IntegrityError: UNIQUE constraint failed: users.tg_id

The above exception was the direct cause of the following exception:

Traceback (most recent call last):
  File "C:\tg bot\.venv\Lib\site-packages\aiogram\dispatcher\middlewares\error.py", line 27, in __call__
    return await handler(event, data)
           ^^^^^^^^^^^^^^^^^^^^^^^^^^
  File "C:\tg bot\.venv\Lib\site-packages\aiogram\dispatcher\middlewares\user_context.py", line 58, in __call__
    return await handler(event, data)
           ^^^^^^^^^^^^^^^^^^^^^^^^^^
  File "C:\tg bot\.venv\Lib\site-packages\aiogram\fsm\middleware.py", line 43, in __call__
    return await handler(event, data)
           ^^^^^^^^^^^^^^^^^^^^^^^^^^
  File "C:\tg bot\app\bot\middlewares.py", line 32, in __call__
    return await handler(event, data)
           ^^^^^^^^^^^^^^^^^^^^^^^^^^
  File "C:\tg bot\app\bot\middlewares.py", line 46, in __call__
    user, created = await users.touch(
                    ^^^^^^^^^^^^^^^^^^
    ...<8 lines>...
    )
    ^
  File "C:\tg bot\app\services\users.py", line 107, in touch
    await session.flush()  # нужен user.id для лога и привязки
    ^^^^^^^^^^^^^^^^^^^^^
  File "C:\tg bot\.venv\Lib\site-packages\sqlalchemy\ext\asyncio\session.py", line 786, in flush
    await greenlet_spawn(self.sync_session.flush, objects=objects)
  File "C:\tg bot\.venv\Lib\site-packages\sqlalchemy\util\_concurrency_py3k.py", line 203, in greenlet_spawn
    result = context.switch(value)
  File "C:\tg bot\.venv\Lib\site-packages\sqlalchemy\orm\session.py", line 4353, in flush
    self._flush(objects)
    ~~~~~~~~~~~^^^^^^^^^
  File "C:\tg bot\.venv\Lib\site-packages\sqlalchemy\orm\session.py", line 4488, in _flush
    with util.safe_reraise():
         ~~~~~~~~~~~~~~~~~^^
  File "C:\tg bot\.venv\Lib\site-packages\sqlalchemy\util\langhelpers.py", line 122, in __exit__
    raise exc_value.with_traceback(exc_tb)
  File "C:\tg bot\.venv\Lib\site-packages\sqlalchemy\orm\session.py", line 4449, in _flush
    flush_context.execute()
    ~~~~~~~~~~~~~~~~~~~~~^^
  File "C:\tg bot\.venv\Lib\site-packages\sqlalchemy\orm\unitofwork.py", line 465, in execute
    rec.execute(self)
    ~~~~~~~~~~~^^^^^^
  File "C:\tg bot\.venv\Lib\site-packages\sqlalchemy\orm\unitofwork.py", line 641, in execute
    util.preloaded.orm_persistence.save_obj(
    ~~~~~~~~~~~~~~~~~~~~~~~~~~~~~~~~~~~~~~~^
        self.mapper,
        ^^^^^^^^^^^^
        uow.states_for_mapper_hierarchy(self.mapper, False, False),
        ^^^^^^^^^^^^^^^^^^^^^^^^^^^^^^^^^^^^^^^^^^^^^^^^^^^^^^^^^^^
        uow,
        ^^^^
    )
    ^
  File "C:\tg bot\.venv\Lib\site-packages\sqlalchemy\orm\persistence.py", line 94, in save_obj
    _emit_insert_statements(
    ~~~~~~~~~~~~~~~~~~~~~~~^
        base_mapper,
        ^^^^^^^^^^^^
    ...<3 lines>...
        insert,
        ^^^^^^^
    )
    ^
  File "C:\tg bot\.venv\Lib\site-packages\sqlalchemy\orm\persistence.py", line 1234, in _emit_insert_statements
    result = connection.execute(
        statement,
        params,
        execution_options=execution_options,
    )
  File "C:\tg bot\.venv\Lib\site-packages\sqlalchemy\engine\base.py", line 1421, in execute
    return meth(
        self,
        distilled_parameters,
        execution_options or NO_OPTIONS,
    )
  File "C:\tg bot\.venv\Lib\site-packages\sqlalchemy\sql\elements.py", line 526, in _execute_on_connection
    return connection._execute_clauseelement(
           ~~~~~~~~~~~~~~~~~~~~~~~~~~~~~~~~~^
        self, distilled_params, execution_options
        ^^^^^^^^^^^^^^^^^^^^^^^^^^^^^^^^^^^^^^^^^
    )
    ^
  File "C:\tg bot\.venv\Lib\site-packages\sqlalchemy\engine\base.py", line 1643, in _execute_clauseelement
    ret = self._execute_context(
        dialect,
    ...<8 lines>...
        cache_hit=cache_hit,
    )
  File "C:\tg bot\.venv\Lib\site-packages\sqlalchemy\engine\base.py", line 1848, in _execute_context
    return self._exec_single_context(
           ~~~~~~~~~~~~~~~~~~~~~~~~~^
        dialect, context, statement, parameters
        ^^^^^^^^^^^^^^^^^^^^^^^^^^^^^^^^^^^^^^^
    )
    ^
  File "C:\tg bot\.venv\Lib\site-packages\sqlalchemy\engine\base.py", line 1988, in _exec_single_context
    self._handle_dbapi_exception(
    ~~~~~~~~~~~~~~~~~~~~~~~~~~~~^
        e, str_statement, effective_parameters, cursor, context
        ^^^^^^^^^^^^^^^^^^^^^^^^^^^^^^^^^^^^^^^^^^^^^^^^^^^^^^^
    )
    ^
  File "C:\tg bot\.venv\Lib\site-packages\sqlalchemy\engine\base.py", line 2365, in _handle_dbapi_exception
    raise sqlalchemy_exception.with_traceback(exc_info[2]) from e
  File "C:\tg bot\.venv\Lib\site-packages\sqlalchemy\engine\base.py", line 1969, in _exec_single_context
    self.dialect.do_execute(
    ~~~~~~~~~~~~~~~~~~~~~~~^
        cursor, str_statement, effective_parameters, context
        ^^^^^^^^^^^^^^^^^^^^^^^^^^^^^^^^^^^^^^^^^^^^^^^^^^^^
    )
    ^
  File "C:\tg bot\.venv\Lib\site-packages\sqlalchemy\engine\default.py", line 952, in do_execute
    cursor.execute(statement, parameters)
    ~~~~~~~~~~~~~~^^^^^^^^^^^^^^^^^^^^^^^
  File "C:\tg bot\.venv\Lib\site-packages\sqlalchemy\dialects\sqlite\aiosqlite.py", line 213, in execute
    self._adapt_connection._handle_exception(error)
    ~~~~~~~~~~~~~~~~~~~~~~~~~~~~~~~~~~~~~~~~^^^^^^^
  File "C:\tg bot\.venv\Lib\site-packages\sqlalchemy\dialects\sqlite\aiosqlite.py", line 373, in _handle_exception
    raise error
  File "C:\tg bot\.venv\Lib\site-packages\sqlalchemy\dialects\sqlite\aiosqlite.py", line 195, in execute
    self.await_(_cursor.execute(operation, parameters))
    ~~~~~~~~~~~^^^^^^^^^^^^^^^^^^^^^^^^^^^^^^^^^^^^^^^^
  File "C:\tg bot\.venv\Lib\site-packages\sqlalchemy\util\_concurrency_py3k.py", line 132, in await_only
    return current.parent.switch(awaitable)  # type: ignore[no-any-return,attr-defined] # noqa: E501
           ~~~~~~~~~~~~~~~~~~~~~^^^^^^^^^^^
  File "C:\tg bot\.venv\Lib\site-packages\sqlalchemy\util\_concurrency_py3k.py", line 196, in greenlet_spawn
    value = await result
            ^^^^^^^^^^^^
  File "C:\tg bot\.venv\Lib\site-packages\aiosqlite\cursor.py", line 40, in execute
    await self._execute(self._cursor.execute, sql, parameters)
  File "C:\tg bot\.venv\Lib\site-packages\aiosqlite\cursor.py", line 32, in _execute
    return await self._conn._execute(fn, *args, **kwargs)
           ^^^^^^^^^^^^^^^^^^^^^^^^^^^^^^^^^^^^^^^^^^^^^^
  File "C:\tg bot\.venv\Lib\site-packages\aiosqlite\core.py", line 160, in _execute
    return await future
           ^^^^^^^^^^^^
  File "C:\tg bot\.venv\Lib\site-packages\aiosqlite\core.py", line 63, in _connection_worker_thread
    result = function()
sqlalchemy.exc.IntegrityError: (sqlite3.IntegrityError) UNIQUE constraint failed: users.tg_id
[SQL: INSERT INTO users (tg_id, username, first_name, last_name, language_code, is_tg_premium, balance, total_topup, total_spent, ref_earned, orders_count, referrer_id, ref_percent, referrals_count, start_payload, is_banned, ban_reason, banned_until, restrict_buy, restrict_topup, restrict_support, admin_note, last_seen_at, first_paid_at, first_order_at) VALUES (?, ?, ?, ?, ?, ?, ?, ?, ?, ?, ?, ?, ?, ?, ?, ?, ?, ?, ?, ?, ?, ?, ?, ?, ?) RETURNING id, created_at]
[parameters: (8646306185, 'Farmaherd', 'слеш', None, 'ru', 0, 0, 0, 0, 0, 0, None, None, 0, None, 0, None, None, 0, 0, 0, None, '2026-08-19 14:01:22.983039', None, None)]
(Background on this error at: https://sqlalche.me/e/20/gkpj)
2026-08-20 00:01:24,788 ERROR   events         [system] bot_error user=None IntegrityError: (sqlite3.IntegrityError) UNIQUE constraint failed: users.tg_id
[SQL: INSERT INTO users (tg_id, username, first_name, last_name, language_code, is_tg_premium, balance, total_topup, total_spent, ref_earned, orders_count, referrer_id, ref_percent, referrals_count, start_payload, is_banned, ban_reason, banned_until, restrict_buy, restrict_topup, restrict_support, admin_note, last_seen_at, first_paid_at, first_order_at) VALUES (?, ?, ?, ?, ?, ?, ?, ?, ?, ?, ?, ?, ?, ?, ?, ?, ?, ?, ?, ?, ?, ?, ?, ?, ?) RETURNING id, created_at]
[parameters: (8646306185, 'Farmaherd', 'слеш', None, 'ru', 0, 0, 0, 0, 0, 0, None, None, 0, None, 0, None, None, 0, 0, 0, None, '2026-08-19 14:01:22.983039', None, None)]
(Background on this error at: https://sqlalche.me/e/20/gkpj)
2026-08-20 00:01:24,795 ERROR   bot            ошибка обработки апдейта
Traceback (most recent call last):
  File "C:\tg bot\.venv\Lib\site-packages\sqlalchemy\engine\base.py", line 1969, in _exec_single_context
    self.dialect.do_execute(
    ~~~~~~~~~~~~~~~~~~~~~~~^
        cursor, str_statement, effective_parameters, context
        ^^^^^^^^^^^^^^^^^^^^^^^^^^^^^^^^^^^^^^^^^^^^^^^^^^^^
    )
    ^
  File "C:\tg bot\.venv\Lib\site-packages\sqlalchemy\engine\default.py", line 952, in do_execute
    cursor.execute(statement, parameters)
    ~~~~~~~~~~~~~~^^^^^^^^^^^^^^^^^^^^^^^
  File "C:\tg bot\.venv\Lib\site-packages\sqlalchemy\dialects\sqlite\aiosqlite.py", line 213, in execute
    self._adapt_connection._handle_exception(error)
    ~~~~~~~~~~~~~~~~~~~~~~~~~~~~~~~~~~~~~~~~^^^^^^^
  File "C:\tg bot\.venv\Lib\site-packages\sqlalchemy\dialects\sqlite\aiosqlite.py", line 373, in _handle_exception
    raise error
  File "C:\tg bot\.venv\Lib\site-packages\sqlalchemy\dialects\sqlite\aiosqlite.py", line 195, in execute
    self.await_(_cursor.execute(operation, parameters))
    ~~~~~~~~~~~^^^^^^^^^^^^^^^^^^^^^^^^^^^^^^^^^^^^^^^^
  File "C:\tg bot\.venv\Lib\site-packages\sqlalchemy\util\_concurrency_py3k.py", line 132, in await_only
    return current.parent.switch(awaitable)  # type: ignore[no-any-return,attr-defined] # noqa: E501
           ~~~~~~~~~~~~~~~~~~~~~^^^^^^^^^^^
  File "C:\tg bot\.venv\Lib\site-packages\sqlalchemy\util\_concurrency_py3k.py", line 196, in greenlet_spawn
    value = await result
            ^^^^^^^^^^^^
  File "C:\tg bot\.venv\Lib\site-packages\aiosqlite\cursor.py", line 40, in execute
    await self._execute(self._cursor.execute, sql, parameters)
  File "C:\tg bot\.venv\Lib\site-packages\aiosqlite\cursor.py", line 32, in _execute
    return await self._conn._execute(fn, *args, **kwargs)
           ^^^^^^^^^^^^^^^^^^^^^^^^^^^^^^^^^^^^^^^^^^^^^^
  File "C:\tg bot\.venv\Lib\site-packages\aiosqlite\core.py", line 160, in _execute
    return await future
           ^^^^^^^^^^^^
  File "C:\tg bot\.venv\Lib\site-packages\aiosqlite\core.py", line 63, in _connection_worker_thread
    result = function()
sqlite3.IntegrityError: UNIQUE constraint failed: users.tg_id

The above exception was the direct cause of the following exception:

Traceback (most recent call last):
  File "C:\tg bot\.venv\Lib\site-packages\aiogram\dispatcher\middlewares\error.py", line 27, in __call__
    return await handler(event, data)
           ^^^^^^^^^^^^^^^^^^^^^^^^^^
  File "C:\tg bot\.venv\Lib\site-packages\aiogram\dispatcher\middlewares\user_context.py", line 58, in __call__
    return await handler(event, data)
           ^^^^^^^^^^^^^^^^^^^^^^^^^^
  File "C:\tg bot\.venv\Lib\site-packages\aiogram\fsm\middleware.py", line 43, in __call__
    return await handler(event, data)
           ^^^^^^^^^^^^^^^^^^^^^^^^^^
  File "C:\tg bot\app\bot\middlewares.py", line 32, in __call__
    return await handler(event, data)
           ^^^^^^^^^^^^^^^^^^^^^^^^^^
  File "C:\tg bot\app\bot\middlewares.py", line 46, in __call__
    user, created = await users.touch(
                    ^^^^^^^^^^^^^^^^^^
    ...<8 lines>...
    )
    ^
  File "C:\tg bot\app\services\users.py", line 107, in touch
    await session.flush()  # нужен user.id для лога и привязки
    ^^^^^^^^^^^^^^^^^^^^^
  File "C:\tg bot\.venv\Lib\site-packages\sqlalchemy\ext\asyncio\session.py", line 786, in flush
    await greenlet_spawn(self.sync_session.flush, objects=objects)
  File "C:\tg bot\.venv\Lib\site-packages\sqlalchemy\util\_concurrency_py3k.py", line 203, in greenlet_spawn
    result = context.switch(value)
  File "C:\tg bot\.venv\Lib\site-packages\sqlalchemy\orm\session.py", line 4353, in flush
    self._flush(objects)
    ~~~~~~~~~~~^^^^^^^^^
  File "C:\tg bot\.venv\Lib\site-packages\sqlalchemy\orm\session.py", line 4488, in _flush
    with util.safe_reraise():
         ~~~~~~~~~~~~~~~~~^^
  File "C:\tg bot\.venv\Lib\site-packages\sqlalchemy\util\langhelpers.py", line 122, in __exit__
    raise exc_value.with_traceback(exc_tb)
  File "C:\tg bot\.venv\Lib\site-packages\sqlalchemy\orm\session.py", line 4449, in _flush
    flush_context.execute()
    ~~~~~~~~~~~~~~~~~~~~~^^
  File "C:\tg bot\.venv\Lib\site-packages\sqlalchemy\orm\unitofwork.py", line 465, in execute
    rec.execute(self)
    ~~~~~~~~~~~^^^^^^
  File "C:\tg bot\.venv\Lib\site-packages\sqlalchemy\orm\unitofwork.py", line 641, in execute
    util.preloaded.orm_persistence.save_obj(
    ~~~~~~~~~~~~~~~~~~~~~~~~~~~~~~~~~~~~~~~^
        self.mapper,
        ^^^^^^^^^^^^
        uow.states_for_mapper_hierarchy(self.mapper, False, False),
        ^^^^^^^^^^^^^^^^^^^^^^^^^^^^^^^^^^^^^^^^^^^^^^^^^^^^^^^^^^^
        uow,
        ^^^^
    )
    ^
  File "C:\tg bot\.venv\Lib\site-packages\sqlalchemy\orm\persistence.py", line 94, in save_obj
    _emit_insert_statements(
    ~~~~~~~~~~~~~~~~~~~~~~~^
        base_mapper,
        ^^^^^^^^^^^^
    ...<3 lines>...
        insert,
        ^^^^^^^
    )
    ^
  File "C:\tg bot\.venv\Lib\site-packages\sqlalchemy\orm\persistence.py", line 1234, in _emit_insert_statements
    result = connection.execute(
        statement,
        params,
        execution_options=execution_options,
    )
  File "C:\tg bot\.venv\Lib\site-packages\sqlalchemy\engine\base.py", line 1421, in execute
    return meth(
        self,
        distilled_parameters,
        execution_options or NO_OPTIONS,
    )
  File "C:\tg bot\.venv\Lib\site-packages\sqlalchemy\sql\elements.py", line 526, in _execute_on_connection
    return connection._execute_clauseelement(
           ~~~~~~~~~~~~~~~~~~~~~~~~~~~~~~~~~^
        self, distilled_params, execution_options
        ^^^^^^^^^^^^^^^^^^^^^^^^^^^^^^^^^^^^^^^^^
    )
    ^
  File "C:\tg bot\.venv\Lib\site-packages\sqlalchemy\engine\base.py", line 1643, in _execute_clauseelement
    ret = self._execute_context(
        dialect,
    ...<8 lines>...
        cache_hit=cache_hit,
    )
  File "C:\tg bot\.venv\Lib\site-packages\sqlalchemy\engine\base.py", line 1848, in _execute_context
    return self._exec_single_context(
           ~~~~~~~~~~~~~~~~~~~~~~~~~^
        dialect, context, statement, parameters
        ^^^^^^^^^^^^^^^^^^^^^^^^^^^^^^^^^^^^^^^
    )
    ^
  File "C:\tg bot\.venv\Lib\site-packages\sqlalchemy\engine\base.py", line 1988, in _exec_single_context
    self._handle_dbapi_exception(
    ~~~~~~~~~~~~~~~~~~~~~~~~~~~~^
        e, str_statement, effective_parameters, cursor, context
        ^^^^^^^^^^^^^^^^^^^^^^^^^^^^^^^^^^^^^^^^^^^^^^^^^^^^^^^
    )
    ^
  File "C:\tg bot\.venv\Lib\site-packages\sqlalchemy\engine\base.py", line 2365, in _handle_dbapi_exception
    raise sqlalchemy_exception.with_traceback(exc_info[2]) from e
  File "C:\tg bot\.venv\Lib\site-packages\sqlalchemy\engine\base.py", line 1969, in _exec_single_context
    self.dialect.do_execute(
    ~~~~~~~~~~~~~~~~~~~~~~~^
        cursor, str_statement, effective_parameters, context
        ^^^^^^^^^^^^^^^^^^^^^^^^^^^^^^^^^^^^^^^^^^^^^^^^^^^^
    )
    ^
  File "C:\tg bot\.venv\Lib\site-packages\sqlalchemy\engine\default.py", line 952, in do_execute
    cursor.execute(statement, parameters)
    ~~~~~~~~~~~~~~^^^^^^^^^^^^^^^^^^^^^^^
  File "C:\tg bot\.venv\Lib\site-packages\sqlalchemy\dialects\sqlite\aiosqlite.py", line 213, in execute
    self._adapt_connection._handle_exception(error)
    ~~~~~~~~~~~~~~~~~~~~~~~~~~~~~~~~~~~~~~~~^^^^^^^
  File "C:\tg bot\.venv\Lib\site-packages\sqlalchemy\dialects\sqlite\aiosqlite.py", line 373, in _handle_exception
    raise error
  File "C:\tg bot\.venv\Lib\site-packages\sqlalchemy\dialects\sqlite\aiosqlite.py", line 195, in execute
    self.await_(_cursor.execute(operation, parameters))
    ~~~~~~~~~~~^^^^^^^^^^^^^^^^^^^^^^^^^^^^^^^^^^^^^^^^
  File "C:\tg bot\.venv\Lib\site-packages\sqlalchemy\util\_concurrency_py3k.py", line 132, in await_only
    return current.parent.switch(awaitable)  # type: ignore[no-any-return,attr-defined] # noqa: E501
           ~~~~~~~~~~~~~~~~~~~~~^^^^^^^^^^^
  File "C:\tg bot\.venv\Lib\site-packages\sqlalchemy\util\_concurrency_py3k.py", line 196, in greenlet_spawn
    value = await result
            ^^^^^^^^^^^^
  File "C:\tg bot\.venv\Lib\site-packages\aiosqlite\cursor.py", line 40, in execute
    await self._execute(self._cursor.execute, sql, parameters)
  File "C:\tg bot\.venv\Lib\site-packages\aiosqlite\cursor.py", line 32, in _execute
    return await self._conn._execute(fn, *args, **kwargs)
           ^^^^^^^^^^^^^^^^^^^^^^^^^^^^^^^^^^^^^^^^^^^^^^
  File "C:\tg bot\.venv\Lib\site-packages\aiosqlite\core.py", line 160, in _execute
    return await future
           ^^^^^^^^^^^^
  File "C:\tg bot\.venv\Lib\site-packages\aiosqlite\core.py", line 63, in _connection_worker_thread
    result = function()
sqlalchemy.exc.IntegrityError: (sqlite3.IntegrityError) UNIQUE constraint failed: users.tg_id
[SQL: INSERT INTO users (tg_id, username, first_name, last_name, language_code, is_tg_premium, balance, total_topup, total_spent, ref_earned, orders_count, referrer_id, ref_percent, referrals_count, start_payload, is_banned, ban_reason, banned_until, restrict_buy, restrict_topup, restrict_support, admin_note, last_seen_at, first_paid_at, first_order_at) VALUES (?, ?, ?, ?, ?, ?, ?, ?, ?, ?, ?, ?, ?, ?, ?, ?, ?, ?, ?, ?, ?, ?, ?, ?, ?) RETURNING id, created_at]
[parameters: (8646306185, 'Farmaherd', 'слеш', None, 'ru', 0, 0, 0, 0, 0, 0, None, None, 0, None, 0, None, None, 0, 0, 0, None, '2026-08-19 14:01:22.997477', None, None)]
(Background on this error at: https://sqlalche.me/e/20/gkpj)
2026-08-20 00:01:24,826 ERROR   events         [system] bot_error user=None IntegrityError: (sqlite3.IntegrityError) UNIQUE constraint failed: users.tg_id
[SQL: INSERT INTO users (tg_id, username, first_name, last_name, language_code, is_tg_premium, balance, total_topup, total_spent, ref_earned, orders_count, referrer_id, ref_percent, referrals_count, start_payload, is_banned, ban_reason, banned_until, restrict_buy, restrict_topup, restrict_support, admin_note, last_seen_at, first_paid_at, first_order_at) VALUES (?, ?, ?, ?, ?, ?, ?, ?, ?, ?, ?, ?, ?, ?, ?, ?, ?, ?, ?, ?, ?, ?, ?, ?, ?) RETURNING id, created_at]
[parameters: (8646306185, 'Farmaherd', 'слеш', None, 'ru', 0, 0, 0, 0, 0, 0, None, None, 0, None, 0, None, None, 0, 0, 0, None, '2026-08-19 14:01:22.997477', None, None)]
(Background on this error at: https://sqlalche.me/e/20/gkpj)
2026-08-20 00:01:24,864 ERROR   bot            ошибка обработки апдейта
Traceback (most recent call last):
  File "C:\tg bot\.venv\Lib\site-packages\sqlalchemy\engine\base.py", line 1969, in _exec_single_context
    self.dialect.do_execute(
    ~~~~~~~~~~~~~~~~~~~~~~~^
        cursor, str_statement, effective_parameters, context
        ^^^^^^^^^^^^^^^^^^^^^^^^^^^^^^^^^^^^^^^^^^^^^^^^^^^^
    )
    ^
  File "C:\tg bot\.venv\Lib\site-packages\sqlalchemy\engine\default.py", line 952, in do_execute
    cursor.execute(statement, parameters)
    ~~~~~~~~~~~~~~^^^^^^^^^^^^^^^^^^^^^^^
  File "C:\tg bot\.venv\Lib\site-packages\sqlalchemy\dialects\sqlite\aiosqlite.py", line 213, in execute
    self._adapt_connection._handle_exception(error)
    ~~~~~~~~~~~~~~~~~~~~~~~~~~~~~~~~~~~~~~~~^^^^^^^
  File "C:\tg bot\.venv\Lib\site-packages\sqlalchemy\dialects\sqlite\aiosqlite.py", line 373, in _handle_exception
    raise error
  File "C:\tg bot\.venv\Lib\site-packages\sqlalchemy\dialects\sqlite\aiosqlite.py", line 195, in execute
    self.await_(_cursor.execute(operation, parameters))
    ~~~~~~~~~~~^^^^^^^^^^^^^^^^^^^^^^^^^^^^^^^^^^^^^^^^
  File "C:\tg bot\.venv\Lib\site-packages\sqlalchemy\util\_concurrency_py3k.py", line 132, in await_only
    return current.parent.switch(awaitable)  # type: ignore[no-any-return,attr-defined] # noqa: E501
           ~~~~~~~~~~~~~~~~~~~~~^^^^^^^^^^^
  File "C:\tg bot\.venv\Lib\site-packages\sqlalchemy\util\_concurrency_py3k.py", line 196, in greenlet_spawn
    value = await result
            ^^^^^^^^^^^^
  File "C:\tg bot\.venv\Lib\site-packages\aiosqlite\cursor.py", line 40, in execute
    await self._execute(self._cursor.execute, sql, parameters)
  File "C:\tg bot\.venv\Lib\site-packages\aiosqlite\cursor.py", line 32, in _execute
    return await self._conn._execute(fn, *args, **kwargs)
           ^^^^^^^^^^^^^^^^^^^^^^^^^^^^^^^^^^^^^^^^^^^^^^
  File "C:\tg bot\.venv\Lib\site-packages\aiosqlite\core.py", line 160, in _execute
    return await future
           ^^^^^^^^^^^^
  File "C:\tg bot\.venv\Lib\site-packages\aiosqlite\core.py", line 63, in _connection_worker_thread
    result = function()
sqlite3.IntegrityError: UNIQUE constraint failed: users.tg_id

The above exception was the direct cause of the following exception:

Traceback (most recent call last):
  File "C:\tg bot\.venv\Lib\site-packages\aiogram\dispatcher\middlewares\error.py", line 27, in __call__
    return await handler(event, data)
           ^^^^^^^^^^^^^^^^^^^^^^^^^^
  File "C:\tg bot\.venv\Lib\site-packages\aiogram\dispatcher\middlewares\user_context.py", line 58, in __call__
    return await handler(event, data)
           ^^^^^^^^^^^^^^^^^^^^^^^^^^
  File "C:\tg bot\.venv\Lib\site-packages\aiogram\fsm\middleware.py", line 43, in __call__
    return await handler(event, data)
           ^^^^^^^^^^^^^^^^^^^^^^^^^^
  File "C:\tg bot\app\bot\middlewares.py", line 32, in __call__
    return await handler(event, data)
           ^^^^^^^^^^^^^^^^^^^^^^^^^^
  File "C:\tg bot\app\bot\middlewares.py", line 46, in __call__
    user, created = await users.touch(
                    ^^^^^^^^^^^^^^^^^^
    ...<8 lines>...
    )
    ^
  File "C:\tg bot\app\services\users.py", line 107, in touch
    await session.flush()  # нужен user.id для лога и привязки
    ^^^^^^^^^^^^^^^^^^^^^
  File "C:\tg bot\.venv\Lib\site-packages\sqlalchemy\ext\asyncio\session.py", line 786, in flush
    await greenlet_spawn(self.sync_session.flush, objects=objects)
  File "C:\tg bot\.venv\Lib\site-packages\sqlalchemy\util\_concurrency_py3k.py", line 203, in greenlet_spawn
    result = context.switch(value)
  File "C:\tg bot\.venv\Lib\site-packages\sqlalchemy\orm\session.py", line 4353, in flush
    self._flush(objects)
    ~~~~~~~~~~~^^^^^^^^^
  File "C:\tg bot\.venv\Lib\site-packages\sqlalchemy\orm\session.py", line 4488, in _flush
    with util.safe_reraise():
         ~~~~~~~~~~~~~~~~~^^
  File "C:\tg bot\.venv\Lib\site-packages\sqlalchemy\util\langhelpers.py", line 122, in __exit__
    raise exc_value.with_traceback(exc_tb)
  File "C:\tg bot\.venv\Lib\site-packages\sqlalchemy\orm\session.py", line 4449, in _flush
    flush_context.execute()
    ~~~~~~~~~~~~~~~~~~~~~^^
  File "C:\tg bot\.venv\Lib\site-packages\sqlalchemy\orm\unitofwork.py", line 465, in execute
    rec.execute(self)
    ~~~~~~~~~~~^^^^^^
  File "C:\tg bot\.venv\Lib\site-packages\sqlalchemy\orm\unitofwork.py", line 641, in execute
    util.preloaded.orm_persistence.save_obj(
    ~~~~~~~~~~~~~~~~~~~~~~~~~~~~~~~~~~~~~~~^
        self.mapper,
        ^^^^^^^^^^^^
        uow.states_for_mapper_hierarchy(self.mapper, False, False),
        ^^^^^^^^^^^^^^^^^^^^^^^^^^^^^^^^^^^^^^^^^^^^^^^^^^^^^^^^^^^
        uow,
        ^^^^
    )
    ^
  File "C:\tg bot\.venv\Lib\site-packages\sqlalchemy\orm\persistence.py", line 94, in save_obj
    _emit_insert_statements(
    ~~~~~~~~~~~~~~~~~~~~~~~^
        base_mapper,
        ^^^^^^^^^^^^
    ...<3 lines>...
        insert,
        ^^^^^^^
    )
    ^
  File "C:\tg bot\.venv\Lib\site-packages\sqlalchemy\orm\persistence.py", line 1234, in _emit_insert_statements
    result = connection.execute(
        statement,
        params,
        execution_options=execution_options,
    )
  File "C:\tg bot\.venv\Lib\site-packages\sqlalchemy\engine\base.py", line 1421, in execute
    return meth(
        self,
        distilled_parameters,
        execution_options or NO_OPTIONS,
    )
  File "C:\tg bot\.venv\Lib\site-packages\sqlalchemy\sql\elements.py", line 526, in _execute_on_connection
    return connection._execute_clauseelement(
           ~~~~~~~~~~~~~~~~~~~~~~~~~~~~~~~~~^
        self, distilled_params, execution_options
        ^^^^^^^^^^^^^^^^^^^^^^^^^^^^^^^^^^^^^^^^^
    )
    ^
  File "C:\tg bot\.venv\Lib\site-packages\sqlalchemy\engine\base.py", line 1643, in _execute_clauseelement
    ret = self._execute_context(
        dialect,
    ...<8 lines>...
        cache_hit=cache_hit,
    )
  File "C:\tg bot\.venv\Lib\site-packages\sqlalchemy\engine\base.py", line 1848, in _execute_context
    return self._exec_single_context(
           ~~~~~~~~~~~~~~~~~~~~~~~~~^
        dialect, context, statement, parameters
        ^^^^^^^^^^^^^^^^^^^^^^^^^^^^^^^^^^^^^^^
    )
    ^
  File "C:\tg bot\.venv\Lib\site-packages\sqlalchemy\engine\base.py", line 1988, in _exec_single_context
    self._handle_dbapi_exception(
    ~~~~~~~~~~~~~~~~~~~~~~~~~~~~^
        e, str_statement, effective_parameters, cursor, context
        ^^^^^^^^^^^^^^^^^^^^^^^^^^^^^^^^^^^^^^^^^^^^^^^^^^^^^^^
    )
    ^
  File "C:\tg bot\.venv\Lib\site-packages\sqlalchemy\engine\base.py", line 2365, in _handle_dbapi_exception
    raise sqlalchemy_exception.with_traceback(exc_info[2]) from e
  File "C:\tg bot\.venv\Lib\site-packages\sqlalchemy\engine\base.py", line 1969, in _exec_single_context
    self.dialect.do_execute(
    ~~~~~~~~~~~~~~~~~~~~~~~^
        cursor, str_statement, effective_parameters, context
        ^^^^^^^^^^^^^^^^^^^^^^^^^^^^^^^^^^^^^^^^^^^^^^^^^^^^
    )
    ^
  File "C:\tg bot\.venv\Lib\site-packages\sqlalchemy\engine\default.py", line 952, in do_execute
    cursor.execute(statement, parameters)
    ~~~~~~~~~~~~~~^^^^^^^^^^^^^^^^^^^^^^^
  File "C:\tg bot\.venv\Lib\site-packages\sqlalchemy\dialects\sqlite\aiosqlite.py", line 213, in execute
    self._adapt_connection._handle_exception(error)
    ~~~~~~~~~~~~~~~~~~~~~~~~~~~~~~~~~~~~~~~~^^^^^^^
  File "C:\tg bot\.venv\Lib\site-packages\sqlalchemy\dialects\sqlite\aiosqlite.py", line 373, in _handle_exception
    raise error
  File "C:\tg bot\.venv\Lib\site-packages\sqlalchemy\dialects\sqlite\aiosqlite.py", line 195, in execute
    self.await_(_cursor.execute(operation, parameters))
    ~~~~~~~~~~~^^^^^^^^^^^^^^^^^^^^^^^^^^^^^^^^^^^^^^^^
  File "C:\tg bot\.venv\Lib\site-packages\sqlalchemy\util\_concurrency_py3k.py", line 132, in await_only
    return current.parent.switch(awaitable)  # type: ignore[no-any-return,attr-defined] # noqa: E501
           ~~~~~~~~~~~~~~~~~~~~~^^^^^^^^^^^
  File "C:\tg bot\.venv\Lib\site-packages\sqlalchemy\util\_concurrency_py3k.py", line 196, in greenlet_spawn
    value = await result
            ^^^^^^^^^^^^
  File "C:\tg bot\.venv\Lib\site-packages\aiosqlite\cursor.py", line 40, in execute
    await self._execute(self._cursor.execute, sql, parameters)
  File "C:\tg bot\.venv\Lib\site-packages\aiosqlite\cursor.py", line 32, in _execute
    return await self._conn._execute(fn, *args, **kwargs)
           ^^^^^^^^^^^^^^^^^^^^^^^^^^^^^^^^^^^^^^^^^^^^^^
  File "C:\tg bot\.venv\Lib\site-packages\aiosqlite\core.py", line 160, in _execute
    return await future
           ^^^^^^^^^^^^
  File "C:\tg bot\.venv\Lib\site-packages\aiosqlite\core.py", line 63, in _connection_worker_thread
    result = function()
sqlalchemy.exc.IntegrityError: (sqlite3.IntegrityError) UNIQUE constraint failed: users.tg_id
[SQL: INSERT INTO users (tg_id, username, first_name, last_name, language_code, is_tg_premium, balance, total_topup, total_spent, ref_earned, orders_count, referrer_id, ref_percent, referrals_count, start_payload, is_banned, ban_reason, banned_until, restrict_buy, restrict_topup, restrict_support, admin_note, last_seen_at, first_paid_at, first_order_at) VALUES (?, ?, ?, ?, ?, ?, ?, ?, ?, ?, ?, ?, ?, ?, ?, ?, ?, ?, ?, ?, ?, ?, ?, ?, ?) RETURNING id, created_at]
[parameters: (8646306185, 'Farmaherd', 'слеш', None, 'ru', 0, 0, 0, 0, 0, 0, None, None, 0, None, 0, None, None, 0, 0, 0, None, '2026-08-19 14:01:23.005366', None, None)]
(Background on this error at: https://sqlalche.me/e/20/gkpj)
2026-08-20 00:01:24,905 ERROR   events         [system] bot_error user=None IntegrityError: (sqlite3.IntegrityError) UNIQUE constraint failed: users.tg_id
[SQL: INSERT INTO users (tg_id, username, first_name, last_name, language_code, is_tg_premium, balance, total_topup, total_spent, ref_earned, orders_count, referrer_id, ref_percent, referrals_count, start_payload, is_banned, ban_reason, banned_until, restrict_buy, restrict_topup, restrict_support, admin_note, last_seen_at, first_paid_at, first_order_at) VALUES (?, ?, ?, ?, ?, ?, ?, ?, ?, ?, ?, ?, ?, ?, ?, ?, ?, ?, ?, ?, ?, ?, ?, ?, ?) RETURNING id, created_at]
[parameters: (8646306185, 'Farmaherd', 'слеш', None, 'ru', 0, 0, 0, 0, 0, 0, None, None, 0, None, 0, None, None, 0, 0, 0, None, '2026-08-19 14:01:23.005366', None, None)]
(Background on this error at: https://sqlalche.me/e/20/gkpj)
2026-08-20 00:01:24,912 INFO    aiogram.event  Update id=621125358 is handled. Duration 2019 ms by bot id=8838707397
2026-08-20 00:01:24,926 ERROR   bot            ошибка обработки апдейта
Traceback (most recent call last):
  File "C:\tg bot\.venv\Lib\site-packages\sqlalchemy\engine\base.py", line 1969, in _exec_single_context
    self.dialect.do_execute(
    ~~~~~~~~~~~~~~~~~~~~~~~^
        cursor, str_statement, effective_parameters, context
        ^^^^^^^^^^^^^^^^^^^^^^^^^^^^^^^^^^^^^^^^^^^^^^^^^^^^
    )
    ^
  File "C:\tg bot\.venv\Lib\site-packages\sqlalchemy\engine\default.py", line 952, in do_execute
    cursor.execute(statement, parameters)
    ~~~~~~~~~~~~~~^^^^^^^^^^^^^^^^^^^^^^^
  File "C:\tg bot\.venv\Lib\site-packages\sqlalchemy\dialects\sqlite\aiosqlite.py", line 213, in execute
    self._adapt_connection._handle_exception(error)
    ~~~~~~~~~~~~~~~~~~~~~~~~~~~~~~~~~~~~~~~~^^^^^^^
  File "C:\tg bot\.venv\Lib\site-packages\sqlalchemy\dialects\sqlite\aiosqlite.py", line 373, in _handle_exception
    raise error
  File "C:\tg bot\.venv\Lib\site-packages\sqlalchemy\dialects\sqlite\aiosqlite.py", line 195, in execute
    self.await_(_cursor.execute(operation, parameters))
    ~~~~~~~~~~~^^^^^^^^^^^^^^^^^^^^^^^^^^^^^^^^^^^^^^^^
  File "C:\tg bot\.venv\Lib\site-packages\sqlalchemy\util\_concurrency_py3k.py", line 132, in await_only
    return current.parent.switch(awaitable)  # type: ignore[no-any-return,attr-defined] # noqa: E501
           ~~~~~~~~~~~~~~~~~~~~~^^^^^^^^^^^
  File "C:\tg bot\.venv\Lib\site-packages\sqlalchemy\util\_concurrency_py3k.py", line 196, in greenlet_spawn
    value = await result
            ^^^^^^^^^^^^
  File "C:\tg bot\.venv\Lib\site-packages\aiosqlite\cursor.py", line 40, in execute
    await self._execute(self._cursor.execute, sql, parameters)
  File "C:\tg bot\.venv\Lib\site-packages\aiosqlite\cursor.py", line 32, in _execute
    return await self._conn._execute(fn, *args, **kwargs)
           ^^^^^^^^^^^^^^^^^^^^^^^^^^^^^^^^^^^^^^^^^^^^^^
  File "C:\tg bot\.venv\Lib\site-packages\aiosqlite\core.py", line 160, in _execute
    return await future
           ^^^^^^^^^^^^
  File "C:\tg bot\.venv\Lib\site-packages\aiosqlite\core.py", line 63, in _connection_worker_thread
    result = function()
sqlite3.IntegrityError: UNIQUE constraint failed: users.tg_id

The above exception was the direct cause of the following exception:

Traceback (most recent call last):
  File "C:\tg bot\.venv\Lib\site-packages\aiogram\dispatcher\middlewares\error.py", line 27, in __call__
    return await handler(event, data)
           ^^^^^^^^^^^^^^^^^^^^^^^^^^
  File "C:\tg bot\.venv\Lib\site-packages\aiogram\dispatcher\middlewares\user_context.py", line 58, in __call__
    return await handler(event, data)
           ^^^^^^^^^^^^^^^^^^^^^^^^^^
  File "C:\tg bot\.venv\Lib\site-packages\aiogram\fsm\middleware.py", line 43, in __call__
    return await handler(event, data)
           ^^^^^^^^^^^^^^^^^^^^^^^^^^
  File "C:\tg bot\app\bot\middlewares.py", line 32, in __call__
    return await handler(event, data)
           ^^^^^^^^^^^^^^^^^^^^^^^^^^
  File "C:\tg bot\app\bot\middlewares.py", line 46, in __call__
    user, created = await users.touch(
                    ^^^^^^^^^^^^^^^^^^
    ...<8 lines>...
    )
    ^
  File "C:\tg bot\app\services\users.py", line 107, in touch
    await session.flush()  # нужен user.id для лога и привязки
    ^^^^^^^^^^^^^^^^^^^^^
  File "C:\tg bot\.venv\Lib\site-packages\sqlalchemy\ext\asyncio\session.py", line 786, in flush
    await greenlet_spawn(self.sync_session.flush, objects=objects)
  File "C:\tg bot\.venv\Lib\site-packages\sqlalchemy\util\_concurrency_py3k.py", line 203, in greenlet_spawn
    result = context.switch(value)
  File "C:\tg bot\.venv\Lib\site-packages\sqlalchemy\orm\session.py", line 4353, in flush
    self._flush(objects)
    ~~~~~~~~~~~^^^^^^^^^
  File "C:\tg bot\.venv\Lib\site-packages\sqlalchemy\orm\session.py", line 4488, in _flush
    with util.safe_reraise():
         ~~~~~~~~~~~~~~~~~^^
  File "C:\tg bot\.venv\Lib\site-packages\sqlalchemy\util\langhelpers.py", line 122, in __exit__
    raise exc_value.with_traceback(exc_tb)
  File "C:\tg bot\.venv\Lib\site-packages\sqlalchemy\orm\session.py", line 4449, in _flush
    flush_context.execute()
    ~~~~~~~~~~~~~~~~~~~~~^^
  File "C:\tg bot\.venv\Lib\site-packages\sqlalchemy\orm\unitofwork.py", line 465, in execute
    rec.execute(self)
    ~~~~~~~~~~~^^^^^^
  File "C:\tg bot\.venv\Lib\site-packages\sqlalchemy\orm\unitofwork.py", line 641, in execute
    util.preloaded.orm_persistence.save_obj(
    ~~~~~~~~~~~~~~~~~~~~~~~~~~~~~~~~~~~~~~~^
        self.mapper,
        ^^^^^^^^^^^^
        uow.states_for_mapper_hierarchy(self.mapper, False, False),
        ^^^^^^^^^^^^^^^^^^^^^^^^^^^^^^^^^^^^^^^^^^^^^^^^^^^^^^^^^^^
        uow,
        ^^^^
    )
    ^
  File "C:\tg bot\.venv\Lib\site-packages\sqlalchemy\orm\persistence.py", line 94, in save_obj
    _emit_insert_statements(
    ~~~~~~~~~~~~~~~~~~~~~~~^
        base_mapper,
        ^^^^^^^^^^^^
    ...<3 lines>...
        insert,
        ^^^^^^^
    )
    ^
  File "C:\tg bot\.venv\Lib\site-packages\sqlalchemy\orm\persistence.py", line 1234, in _emit_insert_statements
    result = connection.execute(
        statement,
        params,
        execution_options=execution_options,
    )
  File "C:\tg bot\.venv\Lib\site-packages\sqlalchemy\engine\base.py", line 1421, in execute
    return meth(
        self,
        distilled_parameters,
        execution_options or NO_OPTIONS,
    )
  File "C:\tg bot\.venv\Lib\site-packages\sqlalchemy\sql\elements.py", line 526, in _execute_on_connection
    return connection._execute_clauseelement(
           ~~~~~~~~~~~~~~~~~~~~~~~~~~~~~~~~~^
        self, distilled_params, execution_options
        ^^^^^^^^^^^^^^^^^^^^^^^^^^^^^^^^^^^^^^^^^
    )
    ^
  File "C:\tg bot\.venv\Lib\site-packages\sqlalchemy\engine\base.py", line 1643, in _execute_clauseelement
    ret = self._execute_context(
        dialect,
    ...<8 lines>...
        cache_hit=cache_hit,
    )
  File "C:\tg bot\.venv\Lib\site-packages\sqlalchemy\engine\base.py", line 1848, in _execute_context
    return self._exec_single_context(
           ~~~~~~~~~~~~~~~~~~~~~~~~~^
        dialect, context, statement, parameters
        ^^^^^^^^^^^^^^^^^^^^^^^^^^^^^^^^^^^^^^^
    )
    ^
  File "C:\tg bot\.venv\Lib\site-packages\sqlalchemy\engine\base.py", line 1988, in _exec_single_context
    self._handle_dbapi_exception(
    ~~~~~~~~~~~~~~~~~~~~~~~~~~~~^
        e, str_statement, effective_parameters, cursor, context
        ^^^^^^^^^^^^^^^^^^^^^^^^^^^^^^^^^^^^^^^^^^^^^^^^^^^^^^^
    )
    ^
  File "C:\tg bot\.venv\Lib\site-packages\sqlalchemy\engine\base.py", line 2365, in _handle_dbapi_exception
    raise sqlalchemy_exception.with_traceback(exc_info[2]) from e
  File "C:\tg bot\.venv\Lib\site-packages\sqlalchemy\engine\base.py", line 1969, in _exec_single_context
    self.dialect.do_execute(
    ~~~~~~~~~~~~~~~~~~~~~~~^
        cursor, str_statement, effective_parameters, context
        ^^^^^^^^^^^^^^^^^^^^^^^^^^^^^^^^^^^^^^^^^^^^^^^^^^^^
    )
    ^
  File "C:\tg bot\.venv\Lib\site-packages\sqlalchemy\engine\default.py", line 952, in do_execute
    cursor.execute(statement, parameters)
    ~~~~~~~~~~~~~~^^^^^^^^^^^^^^^^^^^^^^^
  File "C:\tg bot\.venv\Lib\site-packages\sqlalchemy\dialects\sqlite\aiosqlite.py", line 213, in execute
    self._adapt_connection._handle_exception(error)
    ~~~~~~~~~~~~~~~~~~~~~~~~~~~~~~~~~~~~~~~~^^^^^^^
  File "C:\tg bot\.venv\Lib\site-packages\sqlalchemy\dialects\sqlite\aiosqlite.py", line 373, in _handle_exception
    raise error
  File "C:\tg bot\.venv\Lib\site-packages\sqlalchemy\dialects\sqlite\aiosqlite.py", line 195, in execute
    self.await_(_cursor.execute(operation, parameters))
    ~~~~~~~~~~~^^^^^^^^^^^^^^^^^^^^^^^^^^^^^^^^^^^^^^^^
  File "C:\tg bot\.venv\Lib\site-packages\sqlalchemy\util\_concurrency_py3k.py", line 132, in await_only
    return current.parent.switch(awaitable)  # type: ignore[no-any-return,attr-defined] # noqa: E501
           ~~~~~~~~~~~~~~~~~~~~~^^^^^^^^^^^
  File "C:\tg bot\.venv\Lib\site-packages\sqlalchemy\util\_concurrency_py3k.py", line 196, in greenlet_spawn
    value = await result
            ^^^^^^^^^^^^
  File "C:\tg bot\.venv\Lib\site-packages\aiosqlite\cursor.py", line 40, in execute
    await self._execute(self._cursor.execute, sql, parameters)
  File "C:\tg bot\.venv\Lib\site-packages\aiosqlite\cursor.py", line 32, in _execute
    return await self._conn._execute(fn, *args, **kwargs)
           ^^^^^^^^^^^^^^^^^^^^^^^^^^^^^^^^^^^^^^^^^^^^^^
  File "C:\tg bot\.venv\Lib\site-packages\aiosqlite\core.py", line 160, in _execute
    return await future
           ^^^^^^^^^^^^
  File "C:\tg bot\.venv\Lib\site-packages\aiosqlite\core.py", line 63, in _connection_worker_thread
    result = function()
sqlalchemy.exc.IntegrityError: (sqlite3.IntegrityError) UNIQUE constraint failed: users.tg_id
[SQL: INSERT INTO users (tg_id, username, first_name, last_name, language_code, is_tg_premium, balance, total_topup, total_spent, ref_earned, orders_count, referrer_id, ref_percent, referrals_count, start_payload, is_banned, ban_reason, banned_until, restrict_buy, restrict_topup, restrict_support, admin_note, last_seen_at, first_paid_at, first_order_at) VALUES (?, ?, ?, ?, ?, ?, ?, ?, ?, ?, ?, ?, ?, ?, ?, ?, ?, ?, ?, ?, ?, ?, ?, ?, ?) RETURNING id, created_at]
[parameters: (8646306185, 'Farmaherd', 'слеш', None, 'ru', 0, 0, 0, 0, 0, 0, None, None, 0, None, 0, None, None, 0, 0, 0, None, '2026-08-19 14:01:23.001429', None, None)]
(Background on this error at: https://sqlalche.me/e/20/gkpj)
2026-08-20 00:01:24,965 ERROR   events         [system] bot_error user=None IntegrityError: (sqlite3.IntegrityError) UNIQUE constraint failed: users.tg_id
[SQL: INSERT INTO users (tg_id, username, first_name, last_name, language_code, is_tg_premium, balance, total_topup, total_spent, ref_earned, orders_count, referrer_id, ref_percent, referrals_count, start_payload, is_banned, ban_reason, banned_until, restrict_buy, restrict_topup, restrict_support, admin_note, last_seen_at, first_paid_at, first_order_at) VALUES (?, ?, ?, ?, ?, ?, ?, ?, ?, ?, ?, ?, ?, ?, ?, ?, ?, ?, ?, ?, ?, ?, ?, ?, ?) RETURNING id, created_at]
[parameters: (8646306185, 'Farmaherd', 'слеш', None, 'ru', 0, 0, 0, 0, 0, 0, None, None, 0, None, 0, None, None, 0, 0, 0, None, '2026-08-19 14:01:23.001429', None, None)]
(Background on this error at: https://sqlalche.me/e/20/gkpj)
2026-08-20 00:01:25,084 ERROR   bot            ошибка обработки апдейта
Traceback (most recent call last):
  File "C:\tg bot\.venv\Lib\site-packages\sqlalchemy\engine\base.py", line 1969, in _exec_single_context
    self.dialect.do_execute(
    ~~~~~~~~~~~~~~~~~~~~~~~^
        cursor, str_statement, effective_parameters, context
        ^^^^^^^^^^^^^^^^^^^^^^^^^^^^^^^^^^^^^^^^^^^^^^^^^^^^
    )
    ^
  File "C:\tg bot\.venv\Lib\site-packages\sqlalchemy\engine\default.py", line 952, in do_execute
    cursor.execute(statement, parameters)
    ~~~~~~~~~~~~~~^^^^^^^^^^^^^^^^^^^^^^^
  File "C:\tg bot\.venv\Lib\site-packages\sqlalchemy\dialects\sqlite\aiosqlite.py", line 213, in execute
    self._adapt_connection._handle_exception(error)
    ~~~~~~~~~~~~~~~~~~~~~~~~~~~~~~~~~~~~~~~~^^^^^^^
  File "C:\tg bot\.venv\Lib\site-packages\sqlalchemy\dialects\sqlite\aiosqlite.py", line 373, in _handle_exception
    raise error
  File "C:\tg bot\.venv\Lib\site-packages\sqlalchemy\dialects\sqlite\aiosqlite.py", line 195, in execute
    self.await_(_cursor.execute(operation, parameters))
    ~~~~~~~~~~~^^^^^^^^^^^^^^^^^^^^^^^^^^^^^^^^^^^^^^^^
  File "C:\tg bot\.venv\Lib\site-packages\sqlalchemy\util\_concurrency_py3k.py", line 132, in await_only
    return current.parent.switch(awaitable)  # type: ignore[no-any-return,attr-defined] # noqa: E501
           ~~~~~~~~~~~~~~~~~~~~~^^^^^^^^^^^
  File "C:\tg bot\.venv\Lib\site-packages\sqlalchemy\util\_concurrency_py3k.py", line 196, in greenlet_spawn
    value = await result
            ^^^^^^^^^^^^
  File "C:\tg bot\.venv\Lib\site-packages\aiosqlite\cursor.py", line 40, in execute
    await self._execute(self._cursor.execute, sql, parameters)
  File "C:\tg bot\.venv\Lib\site-packages\aiosqlite\cursor.py", line 32, in _execute
    return await self._conn._execute(fn, *args, **kwargs)
           ^^^^^^^^^^^^^^^^^^^^^^^^^^^^^^^^^^^^^^^^^^^^^^
  File "C:\tg bot\.venv\Lib\site-packages\aiosqlite\core.py", line 160, in _execute
    return await future
           ^^^^^^^^^^^^
  File "C:\tg bot\.venv\Lib\site-packages\aiosqlite\core.py", line 63, in _connection_worker_thread
    result = function()
sqlite3.IntegrityError: UNIQUE constraint failed: users.tg_id

The above exception was the direct cause of the following exception:

Traceback (most recent call last):
  File "C:\tg bot\.venv\Lib\site-packages\aiogram\dispatcher\middlewares\error.py", line 27, in __call__
    return await handler(event, data)
           ^^^^^^^^^^^^^^^^^^^^^^^^^^
  File "C:\tg bot\.venv\Lib\site-packages\aiogram\dispatcher\middlewares\user_context.py", line 58, in __call__
    return await handler(event, data)
           ^^^^^^^^^^^^^^^^^^^^^^^^^^
  File "C:\tg bot\.venv\Lib\site-packages\aiogram\fsm\middleware.py", line 43, in __call__
    return await handler(event, data)
           ^^^^^^^^^^^^^^^^^^^^^^^^^^
  File "C:\tg bot\app\bot\middlewares.py", line 32, in __call__
    return await handler(event, data)
           ^^^^^^^^^^^^^^^^^^^^^^^^^^
  File "C:\tg bot\app\bot\middlewares.py", line 46, in __call__
    user, created = await users.touch(
                    ^^^^^^^^^^^^^^^^^^
    ...<8 lines>...
    )
    ^
  File "C:\tg bot\app\services\users.py", line 107, in touch
    await session.flush()  # нужен user.id для лога и привязки
    ^^^^^^^^^^^^^^^^^^^^^
  File "C:\tg bot\.venv\Lib\site-packages\sqlalchemy\ext\asyncio\session.py", line 786, in flush
    await greenlet_spawn(self.sync_session.flush, objects=objects)
  File "C:\tg bot\.venv\Lib\site-packages\sqlalchemy\util\_concurrency_py3k.py", line 203, in greenlet_spawn
    result = context.switch(value)
  File "C:\tg bot\.venv\Lib\site-packages\sqlalchemy\orm\session.py", line 4353, in flush
    self._flush(objects)
    ~~~~~~~~~~~^^^^^^^^^
  File "C:\tg bot\.venv\Lib\site-packages\sqlalchemy\orm\session.py", line 4488, in _flush
    with util.safe_reraise():
         ~~~~~~~~~~~~~~~~~^^
  File "C:\tg bot\.venv\Lib\site-packages\sqlalchemy\util\langhelpers.py", line 122, in __exit__
    raise exc_value.with_traceback(exc_tb)
  File "C:\tg bot\.venv\Lib\site-packages\sqlalchemy\orm\session.py", line 4449, in _flush
    flush_context.execute()
    ~~~~~~~~~~~~~~~~~~~~~^^
  File "C:\tg bot\.venv\Lib\site-packages\sqlalchemy\orm\unitofwork.py", line 465, in execute
    rec.execute(self)
    ~~~~~~~~~~~^^^^^^
  File "C:\tg bot\.venv\Lib\site-packages\sqlalchemy\orm\unitofwork.py", line 641, in execute
    util.preloaded.orm_persistence.save_obj(
    ~~~~~~~~~~~~~~~~~~~~~~~~~~~~~~~~~~~~~~~^
        self.mapper,
        ^^^^^^^^^^^^
        uow.states_for_mapper_hierarchy(self.mapper, False, False),
        ^^^^^^^^^^^^^^^^^^^^^^^^^^^^^^^^^^^^^^^^^^^^^^^^^^^^^^^^^^^
        uow,
        ^^^^
    )
    ^
  File "C:\tg bot\.venv\Lib\site-packages\sqlalchemy\orm\persistence.py", line 94, in save_obj
    _emit_insert_statements(
    ~~~~~~~~~~~~~~~~~~~~~~~^
        base_mapper,
        ^^^^^^^^^^^^
    ...<3 lines>...
        insert,
        ^^^^^^^
    )
    ^
  File "C:\tg bot\.venv\Lib\site-packages\sqlalchemy\orm\persistence.py", line 1234, in _emit_insert_statements
    result = connection.execute(
        statement,
        params,
        execution_options=execution_options,
    )
  File "C:\tg bot\.venv\Lib\site-packages\sqlalchemy\engine\base.py", line 1421, in execute
    return meth(
        self,
        distilled_parameters,
        execution_options or NO_OPTIONS,
    )
  File "C:\tg bot\.venv\Lib\site-packages\sqlalchemy\sql\elements.py", line 526, in _execute_on_connection
    return connection._execute_clauseelement(
           ~~~~~~~~~~~~~~~~~~~~~~~~~~~~~~~~~^
        self, distilled_params, execution_options
        ^^^^^^^^^^^^^^^^^^^^^^^^^^^^^^^^^^^^^^^^^
    )
    ^
  File "C:\tg bot\.venv\Lib\site-packages\sqlalchemy\engine\base.py", line 1643, in _execute_clauseelement
    ret = self._execute_context(
        dialect,
    ...<8 lines>...
        cache_hit=cache_hit,
    )
  File "C:\tg bot\.venv\Lib\site-packages\sqlalchemy\engine\base.py", line 1848, in _execute_context
    return self._exec_single_context(
           ~~~~~~~~~~~~~~~~~~~~~~~~~^
        dialect, context, statement, parameters
        ^^^^^^^^^^^^^^^^^^^^^^^^^^^^^^^^^^^^^^^
    )
    ^
  File "C:\tg bot\.venv\Lib\site-packages\sqlalchemy\engine\base.py", line 1988, in _exec_single_context
    self._handle_dbapi_exception(
    ~~~~~~~~~~~~~~~~~~~~~~~~~~~~^
        e, str_statement, effective_parameters, cursor, context
        ^^^^^^^^^^^^^^^^^^^^^^^^^^^^^^^^^^^^^^^^^^^^^^^^^^^^^^^
    )
    ^
  File "C:\tg bot\.venv\Lib\site-packages\sqlalchemy\engine\base.py", line 2365, in _handle_dbapi_exception
    raise sqlalchemy_exception.with_traceback(exc_info[2]) from e
  File "C:\tg bot\.venv\Lib\site-packages\sqlalchemy\engine\base.py", line 1969, in _exec_single_context
    self.dialect.do_execute(
    ~~~~~~~~~~~~~~~~~~~~~~~^
        cursor, str_statement, effective_parameters, context
        ^^^^^^^^^^^^^^^^^^^^^^^^^^^^^^^^^^^^^^^^^^^^^^^^^^^^
    )
    ^
  File "C:\tg bot\.venv\Lib\site-packages\sqlalchemy\engine\default.py", line 952, in do_execute
    cursor.execute(statement, parameters)
    ~~~~~~~~~~~~~~^^^^^^^^^^^^^^^^^^^^^^^
  File "C:\tg bot\.venv\Lib\site-packages\sqlalchemy\dialects\sqlite\aiosqlite.py", line 213, in execute
    self._adapt_connection._handle_exception(error)
    ~~~~~~~~~~~~~~~~~~~~~~~~~~~~~~~~~~~~~~~~^^^^^^^
  File "C:\tg bot\.venv\Lib\site-packages\sqlalchemy\dialects\sqlite\aiosqlite.py", line 373, in _handle_exception
    raise error
  File "C:\tg bot\.venv\Lib\site-packages\sqlalchemy\dialects\sqlite\aiosqlite.py", line 195, in execute
    self.await_(_cursor.execute(operation, parameters))
    ~~~~~~~~~~~^^^^^^^^^^^^^^^^^^^^^^^^^^^^^^^^^^^^^^^^
  File "C:\tg bot\.venv\Lib\site-packages\sqlalchemy\util\_concurrency_py3k.py", line 132, in await_only
    return current.parent.switch(awaitable)  # type: ignore[no-any-return,attr-defined] # noqa: E501
           ~~~~~~~~~~~~~~~~~~~~~^^^^^^^^^^^
  File "C:\tg bot\.venv\Lib\site-packages\sqlalchemy\util\_concurrency_py3k.py", line 196, in greenlet_spawn
    value = await result
            ^^^^^^^^^^^^
  File "C:\tg bot\.venv\Lib\site-packages\aiosqlite\cursor.py", line 40, in execute
    await self._execute(self._cursor.execute, sql, parameters)
  File "C:\tg bot\.venv\Lib\site-packages\aiosqlite\cursor.py", line 32, in _execute
    return await self._conn._execute(fn, *args, **kwargs)
           ^^^^^^^^^^^^^^^^^^^^^^^^^^^^^^^^^^^^^^^^^^^^^^
  File "C:\tg bot\.venv\Lib\site-packages\aiosqlite\core.py", line 160, in _execute
    return await future
           ^^^^^^^^^^^^
  File "C:\tg bot\.venv\Lib\site-packages\aiosqlite\core.py", line 63, in _connection_worker_thread
    result = function()
sqlalchemy.exc.IntegrityError: (sqlite3.IntegrityError) UNIQUE constraint failed: users.tg_id
[SQL: INSERT INTO users (tg_id, username, first_name, last_name, language_code, is_tg_premium, balance, total_topup, total_spent, ref_earned, orders_count, referrer_id, ref_percent, referrals_count, start_payload, is_banned, ban_reason, banned_until, restrict_buy, restrict_topup, restrict_support, admin_note, last_seen_at, first_paid_at, first_order_at) VALUES (?, ?, ?, ?, ?, ?, ?, ?, ?, ?, ?, ?, ?, ?, ?, ?, ?, ?, ?, ?, ?, ?, ?, ?, ?) RETURNING id, created_at]
[parameters: (8646306185, 'Farmaherd', 'слеш', None, 'ru', 0, 0, 0, 0, 0, 0, None, None, 0, None, 0, None, None, 0, 0, 0, None, '2026-08-19 14:01:22.986092', None, None)]
(Background on this error at: https://sqlalche.me/e/20/gkpj)
2026-08-20 00:01:25,116 ERROR   events         [system] bot_error user=None IntegrityError: (sqlite3.IntegrityError) UNIQUE constraint failed: users.tg_id
[SQL: INSERT INTO users (tg_id, username, first_name, last_name, language_code, is_tg_premium, balance, total_topup, total_spent, ref_earned, orders_count, referrer_id, ref_percent, referrals_count, start_payload, is_banned, ban_reason, banned_until, restrict_buy, restrict_topup, restrict_support, admin_note, last_seen_at, first_paid_at, first_order_at) VALUES (?, ?, ?, ?, ?, ?, ?, ?, ?, ?, ?, ?, ?, ?, ?, ?, ?, ?, ?, ?, ?, ?, ?, ?, ?) RETURNING id, created_at]
[parameters: (8646306185, 'Farmaherd', 'слеш', None, 'ru', 0, 0, 0, 0, 0, 0, None, None, 0, None, 0, None, None, 0, 0, 0, None, '2026-08-19 14:01:22.986092', None, None)]
(Background on this error at: https://sqlalche.me/e/20/gkpj)
2026-08-20 00:01:25,207 INFO    aiogram.event  Update id=621125360 is handled. Duration 2307 ms by bot id=8838707397
2026-08-20 00:01:25,233 ERROR   bot            ошибка обработки апдейта
Traceback (most recent call last):
  File "C:\tg bot\.venv\Lib\site-packages\sqlalchemy\engine\base.py", line 1969, in _exec_single_context
    self.dialect.do_execute(
    ~~~~~~~~~~~~~~~~~~~~~~~^
        cursor, str_statement, effective_parameters, context
        ^^^^^^^^^^^^^^^^^^^^^^^^^^^^^^^^^^^^^^^^^^^^^^^^^^^^
    )
    ^
  File "C:\tg bot\.venv\Lib\site-packages\sqlalchemy\engine\default.py", line 952, in do_execute
    cursor.execute(statement, parameters)
    ~~~~~~~~~~~~~~^^^^^^^^^^^^^^^^^^^^^^^
  File "C:\tg bot\.venv\Lib\site-packages\sqlalchemy\dialects\sqlite\aiosqlite.py", line 213, in execute
    self._adapt_connection._handle_exception(error)
    ~~~~~~~~~~~~~~~~~~~~~~~~~~~~~~~~~~~~~~~~^^^^^^^
  File "C:\tg bot\.venv\Lib\site-packages\sqlalchemy\dialects\sqlite\aiosqlite.py", line 373, in _handle_exception
    raise error
  File "C:\tg bot\.venv\Lib\site-packages\sqlalchemy\dialects\sqlite\aiosqlite.py", line 195, in execute
    self.await_(_cursor.execute(operation, parameters))
    ~~~~~~~~~~~^^^^^^^^^^^^^^^^^^^^^^^^^^^^^^^^^^^^^^^^
  File "C:\tg bot\.venv\Lib\site-packages\sqlalchemy\util\_concurrency_py3k.py", line 132, in await_only
    return current.parent.switch(awaitable)  # type: ignore[no-any-return,attr-defined] # noqa: E501
           ~~~~~~~~~~~~~~~~~~~~~^^^^^^^^^^^
  File "C:\tg bot\.venv\Lib\site-packages\sqlalchemy\util\_concurrency_py3k.py", line 196, in greenlet_spawn
    value = await result
            ^^^^^^^^^^^^
  File "C:\tg bot\.venv\Lib\site-packages\aiosqlite\cursor.py", line 40, in execute
    await self._execute(self._cursor.execute, sql, parameters)
  File "C:\tg bot\.venv\Lib\site-packages\aiosqlite\cursor.py", line 32, in _execute
    return await self._conn._execute(fn, *args, **kwargs)
           ^^^^^^^^^^^^^^^^^^^^^^^^^^^^^^^^^^^^^^^^^^^^^^
  File "C:\tg bot\.venv\Lib\site-packages\aiosqlite\core.py", line 160, in _execute
    return await future
           ^^^^^^^^^^^^
  File "C:\tg bot\.venv\Lib\site-packages\aiosqlite\core.py", line 63, in _connection_worker_thread
    result = function()
sqlite3.IntegrityError: UNIQUE constraint failed: users.tg_id

The above exception was the direct cause of the following exception:

Traceback (most recent call last):
  File "C:\tg bot\.venv\Lib\site-packages\aiogram\dispatcher\middlewares\error.py", line 27, in __call__
    return await handler(event, data)
           ^^^^^^^^^^^^^^^^^^^^^^^^^^
  File "C:\tg bot\.venv\Lib\site-packages\aiogram\dispatcher\middlewares\user_context.py", line 58, in __call__
    return await handler(event, data)
           ^^^^^^^^^^^^^^^^^^^^^^^^^^
  File "C:\tg bot\.venv\Lib\site-packages\aiogram\fsm\middleware.py", line 43, in __call__
    return await handler(event, data)
           ^^^^^^^^^^^^^^^^^^^^^^^^^^
  File "C:\tg bot\app\bot\middlewares.py", line 32, in __call__
    return await handler(event, data)
           ^^^^^^^^^^^^^^^^^^^^^^^^^^
  File "C:\tg bot\app\bot\middlewares.py", line 46, in __call__
    user, created = await users.touch(
                    ^^^^^^^^^^^^^^^^^^
    ...<8 lines>...
    )
    ^
  File "C:\tg bot\app\services\users.py", line 107, in touch
    await session.flush()  # нужен user.id для лога и привязки
    ^^^^^^^^^^^^^^^^^^^^^
  File "C:\tg bot\.venv\Lib\site-packages\sqlalchemy\ext\asyncio\session.py", line 786, in flush
    await greenlet_spawn(self.sync_session.flush, objects=objects)
  File "C:\tg bot\.venv\Lib\site-packages\sqlalchemy\util\_concurrency_py3k.py", line 203, in greenlet_spawn
    result = context.switch(value)
  File "C:\tg bot\.venv\Lib\site-packages\sqlalchemy\orm\session.py", line 4353, in flush
    self._flush(objects)
    ~~~~~~~~~~~^^^^^^^^^
  File "C:\tg bot\.venv\Lib\site-packages\sqlalchemy\orm\session.py", line 4488, in _flush
    with util.safe_reraise():
         ~~~~~~~~~~~~~~~~~^^
  File "C:\tg bot\.venv\Lib\site-packages\sqlalchemy\util\langhelpers.py", line 122, in __exit__
    raise exc_value.with_traceback(exc_tb)
  File "C:\tg bot\.venv\Lib\site-packages\sqlalchemy\orm\session.py", line 4449, in _flush
    flush_context.execute()
    ~~~~~~~~~~~~~~~~~~~~~^^
  File "C:\tg bot\.venv\Lib\site-packages\sqlalchemy\orm\unitofwork.py", line 465, in execute
    rec.execute(self)
    ~~~~~~~~~~~^^^^^^
  File "C:\tg bot\.venv\Lib\site-packages\sqlalchemy\orm\unitofwork.py", line 641, in execute
    util.preloaded.orm_persistence.save_obj(
    ~~~~~~~~~~~~~~~~~~~~~~~~~~~~~~~~~~~~~~~^
        self.mapper,
        ^^^^^^^^^^^^
        uow.states_for_mapper_hierarchy(self.mapper, False, False),
        ^^^^^^^^^^^^^^^^^^^^^^^^^^^^^^^^^^^^^^^^^^^^^^^^^^^^^^^^^^^
        uow,
        ^^^^
    )
    ^
  File "C:\tg bot\.venv\Lib\site-packages\sqlalchemy\orm\persistence.py", line 94, in save_obj
    _emit_insert_statements(
    ~~~~~~~~~~~~~~~~~~~~~~~^
        base_mapper,
        ^^^^^^^^^^^^
    ...<3 lines>...
        insert,
        ^^^^^^^
    )
    ^
  File "C:\tg bot\.venv\Lib\site-packages\sqlalchemy\orm\persistence.py", line 1234, in _emit_insert_statements
    result = connection.execute(
        statement,
        params,
        execution_options=execution_options,
    )
  File "C:\tg bot\.venv\Lib\site-packages\sqlalchemy\engine\base.py", line 1421, in execute
    return meth(
        self,
        distilled_parameters,
        execution_options or NO_OPTIONS,
    )
  File "C:\tg bot\.venv\Lib\site-packages\sqlalchemy\sql\elements.py", line 526, in _execute_on_connection
    return connection._execute_clauseelement(
           ~~~~~~~~~~~~~~~~~~~~~~~~~~~~~~~~~^
        self, distilled_params, execution_options
        ^^^^^^^^^^^^^^^^^^^^^^^^^^^^^^^^^^^^^^^^^
    )
    ^
  File "C:\tg bot\.venv\Lib\site-packages\sqlalchemy\engine\base.py", line 1643, in _execute_clauseelement
    ret = self._execute_context(
        dialect,
    ...<8 lines>...
        cache_hit=cache_hit,
    )
  File "C:\tg bot\.venv\Lib\site-packages\sqlalchemy\engine\base.py", line 1848, in _execute_context
    return self._exec_single_context(
           ~~~~~~~~~~~~~~~~~~~~~~~~~^
        dialect, context, statement, parameters
        ^^^^^^^^^^^^^^^^^^^^^^^^^^^^^^^^^^^^^^^
    )
    ^
  File "C:\tg bot\.venv\Lib\site-packages\sqlalchemy\engine\base.py", line 1988, in _exec_single_context
    self._handle_dbapi_exception(
    ~~~~~~~~~~~~~~~~~~~~~~~~~~~~^
        e, str_statement, effective_parameters, cursor, context
        ^^^^^^^^^^^^^^^^^^^^^^^^^^^^^^^^^^^^^^^^^^^^^^^^^^^^^^^
    )
    ^
  File "C:\tg bot\.venv\Lib\site-packages\sqlalchemy\engine\base.py", line 2365, in _handle_dbapi_exception
    raise sqlalchemy_exception.with_traceback(exc_info[2]) from e
  File "C:\tg bot\.venv\Lib\site-packages\sqlalchemy\engine\base.py", line 1969, in _exec_single_context
    self.dialect.do_execute(
    ~~~~~~~~~~~~~~~~~~~~~~~^
        cursor, str_statement, effective_parameters, context
        ^^^^^^^^^^^^^^^^^^^^^^^^^^^^^^^^^^^^^^^^^^^^^^^^^^^^
    )
    ^
  File "C:\tg bot\.venv\Lib\site-packages\sqlalchemy\engine\default.py", line 952, in do_execute
    cursor.execute(statement, parameters)
    ~~~~~~~~~~~~~~^^^^^^^^^^^^^^^^^^^^^^^
  File "C:\tg bot\.venv\Lib\site-packages\sqlalchemy\dialects\sqlite\aiosqlite.py", line 213, in execute
    self._adapt_connection._handle_exception(error)
    ~~~~~~~~~~~~~~~~~~~~~~~~~~~~~~~~~~~~~~~~^^^^^^^
  File "C:\tg bot\.venv\Lib\site-packages\sqlalchemy\dialects\sqlite\aiosqlite.py", line 373, in _handle_exception
    raise error
  File "C:\tg bot\.venv\Lib\site-packages\sqlalchemy\dialects\sqlite\aiosqlite.py", line 195, in execute
    self.await_(_cursor.execute(operation, parameters))
    ~~~~~~~~~~~^^^^^^^^^^^^^^^^^^^^^^^^^^^^^^^^^^^^^^^^
  File "C:\tg bot\.venv\Lib\site-packages\sqlalchemy\util\_concurrency_py3k.py", line 132, in await_only
    return current.parent.switch(awaitable)  # type: ignore[no-any-return,attr-defined] # noqa: E501
           ~~~~~~~~~~~~~~~~~~~~~^^^^^^^^^^^
  File "C:\tg bot\.venv\Lib\site-packages\sqlalchemy\util\_concurrency_py3k.py", line 196, in greenlet_spawn
    value = await result
            ^^^^^^^^^^^^
  File "C:\tg bot\.venv\Lib\site-packages\aiosqlite\cursor.py", line 40, in execute
    await self._execute(self._cursor.execute, sql, parameters)
  File "C:\tg bot\.venv\Lib\site-packages\aiosqlite\cursor.py", line 32, in _execute
    return await self._conn._execute(fn, *args, **kwargs)
           ^^^^^^^^^^^^^^^^^^^^^^^^^^^^^^^^^^^^^^^^^^^^^^
  File "C:\tg bot\.venv\Lib\site-packages\aiosqlite\core.py", line 160, in _execute
    return await future
           ^^^^^^^^^^^^
  File "C:\tg bot\.venv\Lib\site-packages\aiosqlite\core.py", line 63, in _connection_worker_thread
    result = function()
sqlalchemy.exc.IntegrityError: (sqlite3.IntegrityError) UNIQUE constraint failed: users.tg_id
[SQL: INSERT INTO users (tg_id, username, first_name, last_name, language_code, is_tg_premium, balance, total_topup, total_spent, ref_earned, orders_count, referrer_id, ref_percent, referrals_count, start_payload, is_banned, ban_reason, banned_until, restrict_buy, restrict_topup, restrict_support, admin_note, last_seen_at, first_paid_at, first_order_at) VALUES (?, ?, ?, ?, ?, ?, ?, ?, ?, ?, ?, ?, ?, ?, ?, ?, ?, ?, ?, ?, ?, ?, ?, ?, ?) RETURNING id, created_at]
[parameters: (8646306185, 'Farmaherd', 'слеш', None, 'ru', 0, 0, 0, 0, 0, 0, None, None, 0, None, 0, None, None, 0, 0, 0, None, '2026-08-19 14:01:22.993466', None, None)]
(Background on this error at: https://sqlalche.me/e/20/gkpj)
2026-08-20 00:01:25,275 ERROR   events         [system] bot_error user=None IntegrityError: (sqlite3.IntegrityError) UNIQUE constraint failed: users.tg_id
[SQL: INSERT INTO users (tg_id, username, first_name, last_name, language_code, is_tg_premium, balance, total_topup, total_spent, ref_earned, orders_count, referrer_id, ref_percent, referrals_count, start_payload, is_banned, ban_reason, banned_until, restrict_buy, restrict_topup, restrict_support, admin_note, last_seen_at, first_paid_at, first_order_at) VALUES (?, ?, ?, ?, ?, ?, ?, ?, ?, ?, ?, ?, ?, ?, ?, ?, ?, ?, ?, ?, ?, ?, ?, ?, ?) RETURNING id, created_at]
[parameters: (8646306185, 'Farmaherd', 'слеш', None, 'ru', 0, 0, 0, 0, 0, 0, None, None, 0, None, 0, None, None, 0, 0, 0, None, '2026-08-19 14:01:22.993466', None, None)]
(Background on this error at: https://sqlalche.me/e/20/gkpj)
2026-08-20 00:01:25,495 INFO    aiogram.event  Update id=621125362 is handled. Duration 2583 ms by bot id=8838707397
2026-08-20 00:01:26,283 INFO    aiogram.event  Update id=621125363 is handled. Duration 3369 ms by bot id=8838707397
2026-08-20 00:01:26,372 INFO    aiogram.event  Update id=621125361 is handled. Duration 3462 ms by bot id=8838707397
2026-08-20 00:01:26,811 INFO    aiogram.event  Update id=621125365 is handled. Duration 3884 ms by bot id=8838707397
2026-08-20 00:01:26,858 INFO    aiogram.event  Update id=621125359 is handled. Duration 3963 ms by bot id=8838707397
2026-08-20 00:01:26,978 INFO    aiogram.event  Update id=621125364 is handled. Duration 4061 ms by bot id=8838707397
2026-08-20 00:01:47,374 INFO    events         [shop] open user=1 
2026-08-20 00:01:47,626 INFO    aiogram.event  Update id=621125366 is handled. Duration 265 ms by bot id=8838707397
2026-08-20 00:01:49,499 INFO    events         [payment] open user=1 
2026-08-20 00:01:49,743 INFO    aiogram.event  Update id=621125367 is handled. Duration 253 ms by bot id=8838707397
2026-08-20 00:01:50,985 INFO    events         [user] open_profile user=1 
2026-08-20 00:01:51,206 INFO    aiogram.event  Update id=621125368 is handled. Duration 231 ms by bot id=8838707397
2026-08-20 00:01:52,787 INFO    events         [payment] open user=1 
2026-08-20 00:01:53,024 INFO    aiogram.event  Update id=621125369 is handled. Duration 246 ms by bot id=8838707397
2026-08-20 00:01:54,334 INFO    aiogram.event  Update id=621125370 is handled. Duration 342 ms by bot id=8838707397
2026-08-20 00:01:56,094 INFO    events         [user] open_profile user=1 
2026-08-20 00:01:56,312 INFO    aiogram.event  Update id=621125371 is handled. Duration 230 ms by bot id=8838707397
2026-08-20 00:01:57,606 INFO    events         [support] open user=1 
2026-08-20 00:01:57,846 INFO    aiogram.event  Update id=621125372 is handled. Duration 254 ms by bot id=8838707397
2026-08-20 00:02:05,750 INFO    events         [payment] open user=1 
2026-08-20 00:02:05,979 INFO    aiogram.event  Update id=621125373 is handled. Duration 237 ms by bot id=8838707397
2026-08-20 00:12:14,985 INFO    bot            бот @AntarcticShop_Robot (id 8838707397) запущен
2026-08-20 00:12:15,468 INFO    events         [system] bot_started user=None 
2026-08-20 00:12:15,504 INFO    aiogram.dispatcher Start polling
2026-08-20 00:12:15,686 INFO    aiogram.dispatcher Run polling for bot @AntarcticShop_Robot id=8838707397 - 'Antarctic Shop'
2026-08-20 00:12:15,923 INFO    events         [shop] open user=1 
2026-08-20 00:12:17,599 INFO    aiogram.event  Update id=621125374 is handled. Duration 1725 ms by bot id=8838707397
2026-08-20 00:12:17,617 INFO    events         [shop] open user=1 
2026-08-20 00:12:17,943 INFO    aiogram.event  Update id=621125375 is handled. Duration 2055 ms by bot id=8838707397
2026-08-20 00:12:18,025 INFO    events         [shop] open user=1 
2026-08-20 00:12:18,240 INFO    aiogram.event  Update id=621125376 is handled. Duration 2349 ms by bot id=8838707397
2026-08-20 00:12:21,060 INFO    events         [payment] open user=1 
2026-08-20 00:12:21,286 INFO    aiogram.event  Update id=621125377 is handled. Duration 235 ms by bot id=8838707397
2026-08-20 00:12:21,956 INFO    events         [earn] open user=1 
2026-08-20 00:12:22,165 INFO    aiogram.event  Update id=621125378 is handled. Duration 258 ms by bot id=8838707397
2026-08-20 00:12:22,918 INFO    events         [support] open user=1 
2026-08-20 00:12:23,137 INFO    aiogram.event  Update id=621125379 is handled. Duration 244 ms by bot id=8838707397
2026-08-20 00:12:24,690 INFO    events         [earn] open user=1 
2026-08-20 00:12:24,902 INFO    aiogram.event  Update id=621125380 is handled. Duration 258 ms by bot id=8838707397
2026-08-20 00:12:25,770 INFO    events         [earn] open_comments user=1 
2026-08-20 00:12:26,567 INFO    aiogram.event  Update id=621125381 is handled. Duration 825 ms by bot id=8838707397
2026-08-20 00:12:27,432 INFO    aiogram.event  Update id=621125382 is handled. Duration 390 ms by bot id=8838707397
2026-08-20 00:12:27,982 INFO    events         [earn] open_video user=1 
2026-08-20 00:12:28,350 INFO    aiogram.event  Update id=621125383 is handled. Duration 395 ms by bot id=8838707397
2026-08-20 00:12:29,435 INFO    aiogram.event  Update id=621125384 is handled. Duration 366 ms by bot id=8838707397
2026-08-20 00:12:30,069 INFO    events         [support] open user=1 
2026-08-20 00:12:30,273 INFO    aiogram.event  Update id=621125385 is handled. Duration 229 ms by bot id=8838707397
2026-08-20 00:12:31,002 INFO    events         [user] open_profile user=1 
2026-08-20 00:12:31,206 INFO    aiogram.event  Update id=621125386 is handled. Duration 214 ms by bot id=8838707397
2026-08-20 00:12:32,686 INFO    events         [referral] open user=1 
2026-08-20 00:12:33,065 INFO    aiogram.event  Update id=621125387 is handled. Duration 412 ms by bot id=8838707397
2026-08-20 00:12:34,851 INFO    aiogram.event  Update id=621125388 is handled. Duration 363 ms by bot id=8838707397
2026-08-20 00:12:35,458 INFO    events         [user] open_accounts user=1 
2026-08-20 00:12:35,844 INFO    aiogram.event  Update id=621125389 is handled. Duration 399 ms by bot id=8838707397
2026-08-20 00:12:39,001 INFO    aiogram.event  Update id=621125390 is handled. Duration 365 ms by bot id=8838707397
2026-08-20 00:12:39,615 INFO    events         [user] open_topups user=1 
2026-08-20 00:12:39,977 INFO    aiogram.event  Update id=621125391 is handled. Duration 374 ms by bot id=8838707397
2026-08-20 00:12:41,020 INFO    aiogram.event  Update id=621125392 is handled. Duration 381 ms by bot id=8838707397
2026-08-20 00:12:41,542 INFO    events         [user] open_orders user=1 
2026-08-20 00:12:41,920 INFO    aiogram.event  Update id=621125393 is handled. Duration 395 ms by bot id=8838707397
2026-08-20 00:12:42,984 INFO    aiogram.event  Update id=621125394 is handled. Duration 399 ms by bot id=8838707397
2026-08-20 00:15:21,128 INFO    events         [shop] open user=1 
2026-08-20 00:15:21,373 INFO    aiogram.event  Update id=621125395 is handled. Duration 257 ms by bot id=8838707397
2026-08-20 00:15:22,648 INFO    events         [payment] open user=1 
2026-08-20 00:15:22,867 INFO    aiogram.event  Update id=621125396 is handled. Duration 231 ms by bot id=8838707397
2026-08-20 00:15:25,849 INFO    aiogram.event  Update id=621125397 is handled. Duration 210 ms by bot id=8838707397
2026-08-20 00:15:27,699 INFO    events         [user] open_profile user=1 
2026-08-20 00:15:27,994 INFO    aiogram.event  Update id=621125398 is handled. Duration 306 ms by bot id=8838707397
2026-08-20 00:15:29,860 INFO    events         [user] open_topups user=1 
2026-08-20 00:15:30,245 INFO    aiogram.event  Update id=621125399 is handled. Duration 397 ms by bot id=8838707397
2026-08-20 00:15:31,230 INFO    aiogram.event  Update id=621125400 is handled. Duration 395 ms by bot id=8838707397
2026-08-20 00:15:31,506 INFO    events         [support] open user=1 
2026-08-20 00:15:31,703 INFO    aiogram.event  Update id=621125401 is handled. Duration 216 ms by bot id=8838707397
2026-08-20 12:30:11,601 INFO    catalog        обновление наличия каждые 180 с
2026-08-20 12:30:13,089 INFO    bot            бот @AntarcticShop_Robot (id 8838707397) запущен
2026-08-20 12:30:13,451 INFO    events         [system] bot_started user=None 
2026-08-20 12:30:13,482 INFO    aiogram.dispatcher Start polling
2026-08-20 12:30:13,645 INFO    aiogram.dispatcher Run polling for bot @AntarcticShop_Robot id=8838707397 - 'Antarctic Shop'
2026-08-20 12:30:13,872 INFO    events         [shop] open user=1 
2026-08-20 12:30:15,636 INFO    aiogram.event  Update id=621125402 is handled. Duration 1791 ms by bot id=8838707397
2026-08-20 12:30:20,935 INFO    events         [shop] open user=1 
2026-08-20 12:30:21,145 INFO    aiogram.event  Update id=621125403 is handled. Duration 223 ms by bot id=8838707397
2026-08-20 12:30:22,420 INFO    events         [payment] open user=1 
2026-08-20 12:30:22,629 INFO    aiogram.event  Update id=621125404 is handled. Duration 225 ms by bot id=8838707397
2026-08-20 12:30:23,636 INFO    events         [user] open_profile user=1 
2026-08-20 12:30:23,905 INFO    aiogram.event  Update id=621125405 is handled. Duration 282 ms by bot id=8838707397
2026-08-20 12:30:25,726 INFO    events         [earn] open user=1 
2026-08-20 12:30:25,923 INFO    aiogram.event  Update id=621125406 is handled. Duration 226 ms by bot id=8838707397
2026-08-20 12:30:27,648 INFO    events         [support] open user=1 
2026-08-20 12:30:27,865 INFO    aiogram.event  Update id=621125407 is handled. Duration 243 ms by bot id=8838707397
2026-08-20 12:35:50,626 INFO    catalog        обновление наличия каждые 180 с
2026-08-20 12:35:52,069 INFO    bot            бот @AntarcticShop_Robot (id 8838707397) запущен
2026-08-20 12:35:52,441 INFO    events         [system] bot_started user=None 
2026-08-20 12:35:52,473 INFO    aiogram.dispatcher Start polling
2026-08-20 12:35:52,645 INFO    aiogram.dispatcher Run polling for bot @AntarcticShop_Robot id=8838707397 - 'Antarctic Shop'
2026-08-20 12:35:52,923 INFO    events         [shop] open user=1 
2026-08-20 12:35:54,432 INFO    aiogram.event  Update id=621125408 is handled. Duration 1560 ms by bot id=8838707397
2026-08-20 12:36:17,409 INFO    events         [shop] open user=1 
2026-08-20 12:36:17,637 INFO    aiogram.event  Update id=621125409 is handled. Duration 242 ms by bot id=8838707397
2026-08-20 12:36:19,241 INFO    aiogram.event  Update id=621125410 is handled. Duration 429 ms by bot id=8838707397
2026-08-20 12:36:21,046 INFO    aiogram.event  Update id=621125411 is handled. Duration 404 ms by bot id=8838707397
2026-08-20 12:36:21,406 INFO    events         [payment] open user=1 
2026-08-20 12:36:21,634 INFO    aiogram.event  Update id=621125412 is handled. Duration 244 ms by bot id=8838707397
2026-08-20 12:36:28,372 INFO    events         [shop] open user=1 
2026-08-20 12:36:28,595 INFO    aiogram.event  Update id=621125413 is handled. Duration 236 ms by bot id=8838707397
2026-08-20 13:59:00,139 INFO    catalog        обновление наличия каждые 180 с
2026-08-20 13:59:01,601 INFO    bot            бот @AntarcticShop_Robot (id 8838707397) запущен
2026-08-20 13:59:01,998 INFO    events         [system] bot_started user=None 
2026-08-20 13:59:02,033 INFO    aiogram.dispatcher Start polling
2026-08-20 13:59:02,193 INFO    aiogram.dispatcher Run polling for bot @AntarcticShop_Robot id=8838707397 - 'Antarctic Shop'
2026-08-20 14:00:59,473 INFO    events         [shop] open user=1 
2026-08-20 14:01:00,915 INFO    aiogram.event  Update id=621125414 is handled. Duration 1469 ms by bot id=8838707397
2026-08-20 14:01:04,274 INFO    events         [user] start user=1 повторный вход
2026-08-20 14:01:04,497 INFO    aiogram.event  Update id=621125415 is handled. Duration 234 ms by bot id=8838707397
2026-08-20 14:01:11,848 INFO    events         [earn] open user=1 
2026-08-20 14:01:12,085 INFO    aiogram.event  Update id=621125416 is handled. Duration 267 ms by bot id=8838707397
2026-08-20 14:01:13,817 INFO    events         [support] open user=1 
2026-08-20 14:01:14,354 INFO    aiogram.event  Update id=621125417 is handled. Duration 564 ms by bot id=8838707397
2026-08-20 14:02:04,504 INFO    catalog        наличие: 12=22542
2026-08-20 14:05:06,560 INFO    catalog        наличие: 12=22542
2026-08-20 14:08:08,919 INFO    catalog        наличие: 12=22542
2026-08-20 14:11:12,001 INFO    catalog        наличие: 12=22545
2026-08-20 14:14:14,146 INFO    catalog        наличие: 12=22527
2026-08-20 14:16:32,226 INFO    events         [shop] open user=1 
2026-08-20 14:16:32,543 INFO    aiogram.event  Update id=621125418 is handled. Duration 335 ms by bot id=8838707397
2026-08-20 18:27:58,193 INFO    catalog        обновление наличия каждые 180 с
2026-08-20 18:27:58,210 INFO    payments       опрос неоплаченных счетов каждые 25 с
2026-08-20 18:28:02,488 WARNING bot            проверка токена: связь оборвалась (1/5) — HTTP Client says - ClientOSError: 
2026-08-20 18:28:02,714 INFO    catalog        наличие: 12=22160
2026-08-20 18:28:05,451 INFO    bot            бот @AntarcticShop_Robot (id 8838707397) запущен
2026-08-20 18:28:05,831 INFO    events         [system] bot_started user=None 
2026-08-20 18:28:05,858 INFO    aiogram.dispatcher Start polling
2026-08-20 18:28:06,025 INFO    aiogram.dispatcher Run polling for bot @AntarcticShop_Robot id=8838707397 - 'Antarctic Shop'
2026-08-20 18:28:06,271 INFO    events         [shop] open user=1 
2026-08-20 18:28:07,923 INFO    aiogram.event  Update id=621125419 is handled. Duration 1691 ms by bot id=8838707397
2026-08-20 18:29:28,429 ERROR   bot            ошибка обработки апдейта
Traceback (most recent call last):
  File "C:\tg bot\.venv\Lib\site-packages\sqlalchemy\engine\base.py", line 1969, in _exec_single_context
    self.dialect.do_execute(
    ~~~~~~~~~~~~~~~~~~~~~~~^
        cursor, str_statement, effective_parameters, context
        ^^^^^^^^^^^^^^^^^^^^^^^^^^^^^^^^^^^^^^^^^^^^^^^^^^^^
    )
    ^
  File "C:\tg bot\.venv\Lib\site-packages\sqlalchemy\engine\default.py", line 952, in do_execute
    cursor.execute(statement, parameters)
    ~~~~~~~~~~~~~~^^^^^^^^^^^^^^^^^^^^^^^
  File "C:\tg bot\.venv\Lib\site-packages\sqlalchemy\dialects\sqlite\aiosqlite.py", line 213, in execute
    self._adapt_connection._handle_exception(error)
    ~~~~~~~~~~~~~~~~~~~~~~~~~~~~~~~~~~~~~~~~^^^^^^^
  File "C:\tg bot\.venv\Lib\site-packages\sqlalchemy\dialects\sqlite\aiosqlite.py", line 373, in _handle_exception
    raise error
  File "C:\tg bot\.venv\Lib\site-packages\sqlalchemy\dialects\sqlite\aiosqlite.py", line 195, in execute
    self.await_(_cursor.execute(operation, parameters))
    ~~~~~~~~~~~^^^^^^^^^^^^^^^^^^^^^^^^^^^^^^^^^^^^^^^^
  File "C:\tg bot\.venv\Lib\site-packages\sqlalchemy\util\_concurrency_py3k.py", line 132, in await_only
    return current.parent.switch(awaitable)  # type: ignore[no-any-return,attr-defined] # noqa: E501
           ~~~~~~~~~~~~~~~~~~~~~^^^^^^^^^^^
  File "C:\tg bot\.venv\Lib\site-packages\sqlalchemy\util\_concurrency_py3k.py", line 196, in greenlet_spawn
    value = await result
            ^^^^^^^^^^^^
  File "C:\tg bot\.venv\Lib\site-packages\aiosqlite\cursor.py", line 40, in execute
    await self._execute(self._cursor.execute, sql, parameters)
  File "C:\tg bot\.venv\Lib\site-packages\aiosqlite\cursor.py", line 32, in _execute
    return await self._conn._execute(fn, *args, **kwargs)
           ^^^^^^^^^^^^^^^^^^^^^^^^^^^^^^^^^^^^^^^^^^^^^^
  File "C:\tg bot\.venv\Lib\site-packages\aiosqlite\core.py", line 160, in _execute
    return await future
           ^^^^^^^^^^^^
  File "C:\tg bot\.venv\Lib\site-packages\aiosqlite\core.py", line 63, in _connection_worker_thread
    result = function()
sqlite3.OperationalError: database is locked

The above exception was the direct cause of the following exception:

Traceback (most recent call last):
  File "C:\tg bot\.venv\Lib\site-packages\aiogram\dispatcher\middlewares\error.py", line 27, in __call__
    return await handler(event, data)
           ^^^^^^^^^^^^^^^^^^^^^^^^^^
  File "C:\tg bot\.venv\Lib\site-packages\aiogram\dispatcher\middlewares\user_context.py", line 58, in __call__
    return await handler(event, data)
           ^^^^^^^^^^^^^^^^^^^^^^^^^^
  File "C:\tg bot\.venv\Lib\site-packages\aiogram\fsm\middleware.py", line 43, in __call__
    return await handler(event, data)
           ^^^^^^^^^^^^^^^^^^^^^^^^^^
  File "C:\tg bot\app\bot\middlewares.py", line 33, in __call__
    return await handler(event, data)
           ^^^^^^^^^^^^^^^^^^^^^^^^^^
  File "C:\tg bot\app\bot\middlewares.py", line 47, in __call__
    user, created = await users.touch(
                    ^^^^^^^^^^^^^^^^^^
    ...<8 lines>...
    )
    ^
  File "C:\tg bot\app\services\users.py", line 155, in touch
    await session.flush()
  File "C:\tg bot\.venv\Lib\site-packages\sqlalchemy\ext\asyncio\session.py", line 786, in flush
    await greenlet_spawn(self.sync_session.flush, objects=objects)
  File "C:\tg bot\.venv\Lib\site-packages\sqlalchemy\util\_concurrency_py3k.py", line 203, in greenlet_spawn
    result = context.switch(value)
  File "C:\tg bot\.venv\Lib\site-packages\sqlalchemy\orm\session.py", line 4353, in flush
    self._flush(objects)
    ~~~~~~~~~~~^^^^^^^^^
  File "C:\tg bot\.venv\Lib\site-packages\sqlalchemy\orm\session.py", line 4488, in _flush
    with util.safe_reraise():
         ~~~~~~~~~~~~~~~~~^^
  File "C:\tg bot\.venv\Lib\site-packages\sqlalchemy\util\langhelpers.py", line 122, in __exit__
    raise exc_value.with_traceback(exc_tb)
  File "C:\tg bot\.venv\Lib\site-packages\sqlalchemy\orm\session.py", line 4449, in _flush
    flush_context.execute()
    ~~~~~~~~~~~~~~~~~~~~~^^
  File "C:\tg bot\.venv\Lib\site-packages\sqlalchemy\orm\unitofwork.py", line 465, in execute
    rec.execute(self)
    ~~~~~~~~~~~^^^^^^
  File "C:\tg bot\.venv\Lib\site-packages\sqlalchemy\orm\unitofwork.py", line 641, in execute
    util.preloaded.orm_persistence.save_obj(
    ~~~~~~~~~~~~~~~~~~~~~~~~~~~~~~~~~~~~~~~^
        self.mapper,
        ^^^^^^^^^^^^
        uow.states_for_mapper_hierarchy(self.mapper, False, False),
        ^^^^^^^^^^^^^^^^^^^^^^^^^^^^^^^^^^^^^^^^^^^^^^^^^^^^^^^^^^^
        uow,
        ^^^^
    )
    ^
  File "C:\tg bot\.venv\Lib\site-packages\sqlalchemy\orm\persistence.py", line 86, in save_obj
    _emit_update_statements(
    ~~~~~~~~~~~~~~~~~~~~~~~^
        base_mapper,
        ^^^^^^^^^^^^
    ...<3 lines>...
        update,
        ^^^^^^^
    )
    ^
  File "C:\tg bot\.venv\Lib\site-packages\sqlalchemy\orm\persistence.py", line 913, in _emit_update_statements
    c = connection.execute(
        statement, multiparams, execution_options=execution_options
    )
  File "C:\tg bot\.venv\Lib\site-packages\sqlalchemy\engine\base.py", line 1421, in execute
    return meth(
        self,
        distilled_parameters,
        execution_options or NO_OPTIONS,
    )
  File "C:\tg bot\.venv\Lib\site-packages\sqlalchemy\sql\elements.py", line 526, in _execute_on_connection
    return connection._execute_clauseelement(
           ~~~~~~~~~~~~~~~~~~~~~~~~~~~~~~~~~^
        self, distilled_params, execution_options
        ^^^^^^^^^^^^^^^^^^^^^^^^^^^^^^^^^^^^^^^^^
    )
    ^
  File "C:\tg bot\.venv\Lib\site-packages\sqlalchemy\engine\base.py", line 1643, in _execute_clauseelement
    ret = self._execute_context(
        dialect,
    ...<8 lines>...
        cache_hit=cache_hit,
    )
  File "C:\tg bot\.venv\Lib\site-packages\sqlalchemy\engine\base.py", line 1848, in _execute_context
    return self._exec_single_context(
           ~~~~~~~~~~~~~~~~~~~~~~~~~^
        dialect, context, statement, parameters
        ^^^^^^^^^^^^^^^^^^^^^^^^^^^^^^^^^^^^^^^
    )
    ^
  File "C:\tg bot\.venv\Lib\site-packages\sqlalchemy\engine\base.py", line 1988, in _exec_single_context
    self._handle_dbapi_exception(
    ~~~~~~~~~~~~~~~~~~~~~~~~~~~~^
        e, str_statement, effective_parameters, cursor, context
        ^^^^^^^^^^^^^^^^^^^^^^^^^^^^^^^^^^^^^^^^^^^^^^^^^^^^^^^
    )
    ^
  File "C:\tg bot\.venv\Lib\site-packages\sqlalchemy\engine\base.py", line 2365, in _handle_dbapi_exception
    raise sqlalchemy_exception.with_traceback(exc_info[2]) from e
  File "C:\tg bot\.venv\Lib\site-packages\sqlalchemy\engine\base.py", line 1969, in _exec_single_context
    self.dialect.do_execute(
    ~~~~~~~~~~~~~~~~~~~~~~~^
        cursor, str_statement, effective_parameters, context
        ^^^^^^^^^^^^^^^^^^^^^^^^^^^^^^^^^^^^^^^^^^^^^^^^^^^^
    )
    ^
  File "C:\tg bot\.venv\Lib\site-packages\sqlalchemy\engine\default.py", line 952, in do_execute
    cursor.execute(statement, parameters)
    ~~~~~~~~~~~~~~^^^^^^^^^^^^^^^^^^^^^^^
  File "C:\tg bot\.venv\Lib\site-packages\sqlalchemy\dialects\sqlite\aiosqlite.py", line 213, in execute
    self._adapt_connection._handle_exception(error)
    ~~~~~~~~~~~~~~~~~~~~~~~~~~~~~~~~~~~~~~~~^^^^^^^
  File "C:\tg bot\.venv\Lib\site-packages\sqlalchemy\dialects\sqlite\aiosqlite.py", line 373, in _handle_exception
    raise error
  File "C:\tg bot\.venv\Lib\site-packages\sqlalchemy\dialects\sqlite\aiosqlite.py", line 195, in execute
    self.await_(_cursor.execute(operation, parameters))
    ~~~~~~~~~~~^^^^^^^^^^^^^^^^^^^^^^^^^^^^^^^^^^^^^^^^
  File "C:\tg bot\.venv\Lib\site-packages\sqlalchemy\util\_concurrency_py3k.py", line 132, in await_only
    return current.parent.switch(awaitable)  # type: ignore[no-any-return,attr-defined] # noqa: E501
           ~~~~~~~~~~~~~~~~~~~~~^^^^^^^^^^^
  File "C:\tg bot\.venv\Lib\site-packages\sqlalchemy\util\_concurrency_py3k.py", line 196, in greenlet_spawn
    value = await result
            ^^^^^^^^^^^^
  File "C:\tg bot\.venv\Lib\site-packages\aiosqlite\cursor.py", line 40, in execute
    await self._execute(self._cursor.execute, sql, parameters)
  File "C:\tg bot\.venv\Lib\site-packages\aiosqlite\cursor.py", line 32, in _execute
    return await self._conn._execute(fn, *args, **kwargs)
           ^^^^^^^^^^^^^^^^^^^^^^^^^^^^^^^^^^^^^^^^^^^^^^
  File "C:\tg bot\.venv\Lib\site-packages\aiosqlite\core.py", line 160, in _execute
    return await future
           ^^^^^^^^^^^^
  File "C:\tg bot\.venv\Lib\site-packages\aiosqlite\core.py", line 63, in _connection_worker_thread
    result = function()
sqlalchemy.exc.OperationalError: (sqlite3.OperationalError) database is locked
[SQL: UPDATE users SET last_seen_at=? WHERE users.id = ?]
[parameters: ('2026-08-20 08:29:22.831954', 1)]
(Background on this error at: https://sqlalche.me/e/20/e3q8)
2026-08-20 18:29:28,553 ERROR   events         [system] bot_error user=None OperationalError: (sqlite3.OperationalError) database is locked
[SQL: UPDATE users SET last_seen_at=? WHERE users.id = ?]
[parameters: ('2026-08-20 08:29:22.831954', 1)]
(Background on this error at: https://sqlalche.me/e/20/e3q8)
2026-08-20 18:29:30,826 ERROR   bot            ошибка обработки апдейта
Traceback (most recent call last):
  File "C:\tg bot\.venv\Lib\site-packages\sqlalchemy\engine\base.py", line 1969, in _exec_single_context
    self.dialect.do_execute(
    ~~~~~~~~~~~~~~~~~~~~~~~^
        cursor, str_statement, effective_parameters, context
        ^^^^^^^^^^^^^^^^^^^^^^^^^^^^^^^^^^^^^^^^^^^^^^^^^^^^
    )
    ^
  File "C:\tg bot\.venv\Lib\site-packages\sqlalchemy\engine\default.py", line 952, in do_execute
    cursor.execute(statement, parameters)
    ~~~~~~~~~~~~~~^^^^^^^^^^^^^^^^^^^^^^^
  File "C:\tg bot\.venv\Lib\site-packages\sqlalchemy\dialects\sqlite\aiosqlite.py", line 213, in execute
    self._adapt_connection._handle_exception(error)
    ~~~~~~~~~~~~~~~~~~~~~~~~~~~~~~~~~~~~~~~~^^^^^^^
  File "C:\tg bot\.venv\Lib\site-packages\sqlalchemy\dialects\sqlite\aiosqlite.py", line 373, in _handle_exception
    raise error
  File "C:\tg bot\.venv\Lib\site-packages\sqlalchemy\dialects\sqlite\aiosqlite.py", line 195, in execute
    self.await_(_cursor.execute(operation, parameters))
    ~~~~~~~~~~~^^^^^^^^^^^^^^^^^^^^^^^^^^^^^^^^^^^^^^^^
  File "C:\tg bot\.venv\Lib\site-packages\sqlalchemy\util\_concurrency_py3k.py", line 132, in await_only
    return current.parent.switch(awaitable)  # type: ignore[no-any-return,attr-defined] # noqa: E501
           ~~~~~~~~~~~~~~~~~~~~~^^^^^^^^^^^
  File "C:\tg bot\.venv\Lib\site-packages\sqlalchemy\util\_concurrency_py3k.py", line 196, in greenlet_spawn
    value = await result
            ^^^^^^^^^^^^
  File "C:\tg bot\.venv\Lib\site-packages\aiosqlite\cursor.py", line 40, in execute
    await self._execute(self._cursor.execute, sql, parameters)
  File "C:\tg bot\.venv\Lib\site-packages\aiosqlite\cursor.py", line 32, in _execute
    return await self._conn._execute(fn, *args, **kwargs)
           ^^^^^^^^^^^^^^^^^^^^^^^^^^^^^^^^^^^^^^^^^^^^^^
  File "C:\tg bot\.venv\Lib\site-packages\aiosqlite\core.py", line 160, in _execute
    return await future
           ^^^^^^^^^^^^
  File "C:\tg bot\.venv\Lib\site-packages\aiosqlite\core.py", line 63, in _connection_worker_thread
    result = function()
sqlite3.OperationalError: database is locked

The above exception was the direct cause of the following exception:

Traceback (most recent call last):
  File "C:\tg bot\.venv\Lib\site-packages\aiogram\dispatcher\middlewares\error.py", line 27, in __call__
    return await handler(event, data)
           ^^^^^^^^^^^^^^^^^^^^^^^^^^
  File "C:\tg bot\.venv\Lib\site-packages\aiogram\dispatcher\middlewares\user_context.py", line 58, in __call__
    return await handler(event, data)
           ^^^^^^^^^^^^^^^^^^^^^^^^^^
  File "C:\tg bot\.venv\Lib\site-packages\aiogram\fsm\middleware.py", line 43, in __call__
    return await handler(event, data)
           ^^^^^^^^^^^^^^^^^^^^^^^^^^
  File "C:\tg bot\app\bot\middlewares.py", line 33, in __call__
    return await handler(event, data)
           ^^^^^^^^^^^^^^^^^^^^^^^^^^
  File "C:\tg bot\app\bot\middlewares.py", line 47, in __call__
    user, created = await users.touch(
                    ^^^^^^^^^^^^^^^^^^
    ...<8 lines>...
    )
    ^
  File "C:\tg bot\app\services\users.py", line 155, in touch
    await session.flush()
  File "C:\tg bot\.venv\Lib\site-packages\sqlalchemy\ext\asyncio\session.py", line 786, in flush
    await greenlet_spawn(self.sync_session.flush, objects=objects)
  File "C:\tg bot\.venv\Lib\site-packages\sqlalchemy\util\_concurrency_py3k.py", line 203, in greenlet_spawn
    result = context.switch(value)
  File "C:\tg bot\.venv\Lib\site-packages\sqlalchemy\orm\session.py", line 4353, in flush
    self._flush(objects)
    ~~~~~~~~~~~^^^^^^^^^
  File "C:\tg bot\.venv\Lib\site-packages\sqlalchemy\orm\session.py", line 4488, in _flush
    with util.safe_reraise():
         ~~~~~~~~~~~~~~~~~^^
  File "C:\tg bot\.venv\Lib\site-packages\sqlalchemy\util\langhelpers.py", line 122, in __exit__
    raise exc_value.with_traceback(exc_tb)
  File "C:\tg bot\.venv\Lib\site-packages\sqlalchemy\orm\session.py", line 4449, in _flush
    flush_context.execute()
    ~~~~~~~~~~~~~~~~~~~~~^^
  File "C:\tg bot\.venv\Lib\site-packages\sqlalchemy\orm\unitofwork.py", line 465, in execute
    rec.execute(self)
    ~~~~~~~~~~~^^^^^^
  File "C:\tg bot\.venv\Lib\site-packages\sqlalchemy\orm\unitofwork.py", line 641, in execute
    util.preloaded.orm_persistence.save_obj(
    ~~~~~~~~~~~~~~~~~~~~~~~~~~~~~~~~~~~~~~~^
        self.mapper,
        ^^^^^^^^^^^^
        uow.states_for_mapper_hierarchy(self.mapper, False, False),
        ^^^^^^^^^^^^^^^^^^^^^^^^^^^^^^^^^^^^^^^^^^^^^^^^^^^^^^^^^^^
        uow,
        ^^^^
    )
    ^
  File "C:\tg bot\.venv\Lib\site-packages\sqlalchemy\orm\persistence.py", line 86, in save_obj
    _emit_update_statements(
    ~~~~~~~~~~~~~~~~~~~~~~~^
        base_mapper,
        ^^^^^^^^^^^^
    ...<3 lines>...
        update,
        ^^^^^^^
    )
    ^
  File "C:\tg bot\.venv\Lib\site-packages\sqlalchemy\orm\persistence.py", line 913, in _emit_update_statements
    c = connection.execute(
        statement, multiparams, execution_options=execution_options
    )
  File "C:\tg bot\.venv\Lib\site-packages\sqlalchemy\engine\base.py", line 1421, in execute
    return meth(
        self,
        distilled_parameters,
        execution_options or NO_OPTIONS,
    )
  File "C:\tg bot\.venv\Lib\site-packages\sqlalchemy\sql\elements.py", line 526, in _execute_on_connection
    return connection._execute_clauseelement(
           ~~~~~~~~~~~~~~~~~~~~~~~~~~~~~~~~~^
        self, distilled_params, execution_options
        ^^^^^^^^^^^^^^^^^^^^^^^^^^^^^^^^^^^^^^^^^
    )
    ^
  File "C:\tg bot\.venv\Lib\site-packages\sqlalchemy\engine\base.py", line 1643, in _execute_clauseelement
    ret = self._execute_context(
        dialect,
    ...<8 lines>...
        cache_hit=cache_hit,
    )
  File "C:\tg bot\.venv\Lib\site-packages\sqlalchemy\engine\base.py", line 1848, in _execute_context
    return self._exec_single_context(
           ~~~~~~~~~~~~~~~~~~~~~~~~~^
        dialect, context, statement, parameters
        ^^^^^^^^^^^^^^^^^^^^^^^^^^^^^^^^^^^^^^^
    )
    ^
  File "C:\tg bot\.venv\Lib\site-packages\sqlalchemy\engine\base.py", line 1988, in _exec_single_context
    self._handle_dbapi_exception(
    ~~~~~~~~~~~~~~~~~~~~~~~~~~~~^
        e, str_statement, effective_parameters, cursor, context
        ^^^^^^^^^^^^^^^^^^^^^^^^^^^^^^^^^^^^^^^^^^^^^^^^^^^^^^^
    )
    ^
  File "C:\tg bot\.venv\Lib\site-packages\sqlalchemy\engine\base.py", line 2365, in _handle_dbapi_exception
    raise sqlalchemy_exception.with_traceback(exc_info[2]) from e
  File "C:\tg bot\.venv\Lib\site-packages\sqlalchemy\engine\base.py", line 1969, in _exec_single_context
    self.dialect.do_execute(
    ~~~~~~~~~~~~~~~~~~~~~~~^
        cursor, str_statement, effective_parameters, context
        ^^^^^^^^^^^^^^^^^^^^^^^^^^^^^^^^^^^^^^^^^^^^^^^^^^^^
    )
    ^
  File "C:\tg bot\.venv\Lib\site-packages\sqlalchemy\engine\default.py", line 952, in do_execute
    cursor.execute(statement, parameters)
    ~~~~~~~~~~~~~~^^^^^^^^^^^^^^^^^^^^^^^
  File "C:\tg bot\.venv\Lib\site-packages\sqlalchemy\dialects\sqlite\aiosqlite.py", line 213, in execute
    self._adapt_connection._handle_exception(error)
    ~~~~~~~~~~~~~~~~~~~~~~~~~~~~~~~~~~~~~~~~^^^^^^^
  File "C:\tg bot\.venv\Lib\site-packages\sqlalchemy\dialects\sqlite\aiosqlite.py", line 373, in _handle_exception
    raise error
  File "C:\tg bot\.venv\Lib\site-packages\sqlalchemy\dialects\sqlite\aiosqlite.py", line 195, in execute
    self.await_(_cursor.execute(operation, parameters))
    ~~~~~~~~~~~^^^^^^^^^^^^^^^^^^^^^^^^^^^^^^^^^^^^^^^^
  File "C:\tg bot\.venv\Lib\site-packages\sqlalchemy\util\_concurrency_py3k.py", line 132, in await_only
    return current.parent.switch(awaitable)  # type: ignore[no-any-return,attr-defined] # noqa: E501
           ~~~~~~~~~~~~~~~~~~~~~^^^^^^^^^^^
  File "C:\tg bot\.venv\Lib\site-packages\sqlalchemy\util\_concurrency_py3k.py", line 196, in greenlet_spawn
    value = await result
            ^^^^^^^^^^^^
  File "C:\tg bot\.venv\Lib\site-packages\aiosqlite\cursor.py", line 40, in execute
    await self._execute(self._cursor.execute, sql, parameters)
  File "C:\tg bot\.venv\Lib\site-packages\aiosqlite\cursor.py", line 32, in _execute
    return await self._conn._execute(fn, *args, **kwargs)
           ^^^^^^^^^^^^^^^^^^^^^^^^^^^^^^^^^^^^^^^^^^^^^^
  File "C:\tg bot\.venv\Lib\site-packages\aiosqlite\core.py", line 160, in _execute
    return await future
           ^^^^^^^^^^^^
  File "C:\tg bot\.venv\Lib\site-packages\aiosqlite\core.py", line 63, in _connection_worker_thread
    result = function()
sqlalchemy.exc.OperationalError: (sqlite3.OperationalError) database is locked
[SQL: UPDATE users SET last_seen_at=? WHERE users.id = ?]
[parameters: ('2026-08-20 08:29:25.253155', 1)]
(Background on this error at: https://sqlalche.me/e/20/e3q8)
2026-08-20 18:29:30,867 ERROR   events         [system] bot_error user=None OperationalError: (sqlite3.OperationalError) database is locked
[SQL: UPDATE users SET last_seen_at=? WHERE users.id = ?]
[parameters: ('2026-08-20 08:29:25.253155', 1)]
(Background on this error at: https://sqlalche.me/e/20/e3q8)
2026-08-20 18:29:34,137 ERROR   events         не удалось записать событие в базу: system/bot_error
Traceback (most recent call last):
  File "C:\tg bot\.venv\Lib\site-packages\sqlalchemy\engine\base.py", line 1969, in _exec_single_context
    self.dialect.do_execute(
    ~~~~~~~~~~~~~~~~~~~~~~~^
        cursor, str_statement, effective_parameters, context
        ^^^^^^^^^^^^^^^^^^^^^^^^^^^^^^^^^^^^^^^^^^^^^^^^^^^^
    )
    ^
  File "C:\tg bot\.venv\Lib\site-packages\sqlalchemy\engine\default.py", line 952, in do_execute
    cursor.execute(statement, parameters)
    ~~~~~~~~~~~~~~^^^^^^^^^^^^^^^^^^^^^^^
  File "C:\tg bot\.venv\Lib\site-packages\sqlalchemy\dialects\sqlite\aiosqlite.py", line 213, in execute
    self._adapt_connection._handle_exception(error)
    ~~~~~~~~~~~~~~~~~~~~~~~~~~~~~~~~~~~~~~~~^^^^^^^
  File "C:\tg bot\.venv\Lib\site-packages\sqlalchemy\dialects\sqlite\aiosqlite.py", line 373, in _handle_exception
    raise error
  File "C:\tg bot\.venv\Lib\site-packages\sqlalchemy\dialects\sqlite\aiosqlite.py", line 195, in execute
    self.await_(_cursor.execute(operation, parameters))
    ~~~~~~~~~~~^^^^^^^^^^^^^^^^^^^^^^^^^^^^^^^^^^^^^^^^
  File "C:\tg bot\.venv\Lib\site-packages\sqlalchemy\util\_concurrency_py3k.py", line 132, in await_only
    return current.parent.switch(awaitable)  # type: ignore[no-any-return,attr-defined] # noqa: E501
           ~~~~~~~~~~~~~~~~~~~~~^^^^^^^^^^^
  File "C:\tg bot\.venv\Lib\site-packages\sqlalchemy\util\_concurrency_py3k.py", line 196, in greenlet_spawn
    value = await result
            ^^^^^^^^^^^^
  File "C:\tg bot\.venv\Lib\site-packages\aiosqlite\cursor.py", line 40, in execute
    await self._execute(self._cursor.execute, sql, parameters)
  File "C:\tg bot\.venv\Lib\site-packages\aiosqlite\cursor.py", line 32, in _execute
    return await self._conn._execute(fn, *args, **kwargs)
           ^^^^^^^^^^^^^^^^^^^^^^^^^^^^^^^^^^^^^^^^^^^^^^
  File "C:\tg bot\.venv\Lib\site-packages\aiosqlite\core.py", line 160, in _execute
    return await future
           ^^^^^^^^^^^^
  File "C:\tg bot\.venv\Lib\site-packages\aiosqlite\core.py", line 63, in _connection_worker_thread
    result = function()
sqlite3.OperationalError: database is locked

The above exception was the direct cause of the following exception:

Traceback (most recent call last):
  File "C:\tg bot\app\services\events.py", line 71, in log_event
    await own.commit()
  File "C:\tg bot\.venv\Lib\site-packages\sqlalchemy\ext\asyncio\session.py", line 999, in commit
    await greenlet_spawn(self.sync_session.commit)
  File "C:\tg bot\.venv\Lib\site-packages\sqlalchemy\util\_concurrency_py3k.py", line 203, in greenlet_spawn
    result = context.switch(value)
  File "C:\tg bot\.venv\Lib\site-packages\sqlalchemy\orm\session.py", line 2035, in commit
    trans.commit(_to_root=True)
    ~~~~~~~~~~~~^^^^^^^^^^^^^^^
  File "<string>", line 2, in commit
  File "C:\tg bot\.venv\Lib\site-packages\sqlalchemy\orm\state_changes.py", line 137, in _go
    ret_value = fn(self, *arg, **kw)
  File "C:\tg bot\.venv\Lib\site-packages\sqlalchemy\orm\session.py", line 1316, in commit
    self._prepare_impl()
    ~~~~~~~~~~~~~~~~~~^^
  File "<string>", line 2, in _prepare_impl
  File "C:\tg bot\.venv\Lib\site-packages\sqlalchemy\orm\state_changes.py", line 137, in _go
    ret_value = fn(self, *arg, **kw)
  File "C:\tg bot\.venv\Lib\site-packages\sqlalchemy\orm\session.py", line 1290, in _prepare_impl
    self.session.flush()
    ~~~~~~~~~~~~~~~~~~^^
  File "C:\tg bot\.venv\Lib\site-packages\sqlalchemy\orm\session.py", line 4353, in flush
    self._flush(objects)
    ~~~~~~~~~~~^^^^^^^^^
  File "C:\tg bot\.venv\Lib\site-packages\sqlalchemy\orm\session.py", line 4488, in _flush
    with util.safe_reraise():
         ~~~~~~~~~~~~~~~~~^^
  File "C:\tg bot\.venv\Lib\site-packages\sqlalchemy\util\langhelpers.py", line 122, in __exit__
    raise exc_value.with_traceback(exc_tb)
  File "C:\tg bot\.venv\Lib\site-packages\sqlalchemy\orm\session.py", line 4449, in _flush
    flush_context.execute()
    ~~~~~~~~~~~~~~~~~~~~~^^
  File "C:\tg bot\.venv\Lib\site-packages\sqlalchemy\orm\unitofwork.py", line 465, in execute
    rec.execute(self)
    ~~~~~~~~~~~^^^^^^
  File "C:\tg bot\.venv\Lib\site-packages\sqlalchemy\orm\unitofwork.py", line 641, in execute
    util.preloaded.orm_persistence.save_obj(
    ~~~~~~~~~~~~~~~~~~~~~~~~~~~~~~~~~~~~~~~^
        self.mapper,
        ^^^^^^^^^^^^
        uow.states_for_mapper_hierarchy(self.mapper, False, False),
        ^^^^^^^^^^^^^^^^^^^^^^^^^^^^^^^^^^^^^^^^^^^^^^^^^^^^^^^^^^^
        uow,
        ^^^^
    )
    ^
  File "C:\tg bot\.venv\Lib\site-packages\sqlalchemy\orm\persistence.py", line 94, in save_obj
    _emit_insert_statements(
    ~~~~~~~~~~~~~~~~~~~~~~~^
        base_mapper,
        ^^^^^^^^^^^^
    ...<3 lines>...
        insert,
        ^^^^^^^
    )
    ^
  File "C:\tg bot\.venv\Lib\site-packages\sqlalchemy\orm\persistence.py", line 1234, in _emit_insert_statements
    result = connection.execute(
        statement,
        params,
        execution_options=execution_options,
    )
  File "C:\tg bot\.venv\Lib\site-packages\sqlalchemy\engine\base.py", line 1421, in execute
    return meth(
        self,
        distilled_parameters,
        execution_options or NO_OPTIONS,
    )
  File "C:\tg bot\.venv\Lib\site-packages\sqlalchemy\sql\elements.py", line 526, in _execute_on_connection
    return connection._execute_clauseelement(
           ~~~~~~~~~~~~~~~~~~~~~~~~~~~~~~~~~^
        self, distilled_params, execution_options
        ^^^^^^^^^^^^^^^^^^^^^^^^^^^^^^^^^^^^^^^^^
    )
    ^
  File "C:\tg bot\.venv\Lib\site-packages\sqlalchemy\engine\base.py", line 1643, in _execute_clauseelement
    ret = self._execute_context(
        dialect,
    ...<8 lines>...
        cache_hit=cache_hit,
    )
  File "C:\tg bot\.venv\Lib\site-packages\sqlalchemy\engine\base.py", line 1848, in _execute_context
    return self._exec_single_context(
           ~~~~~~~~~~~~~~~~~~~~~~~~~^
        dialect, context, statement, parameters
        ^^^^^^^^^^^^^^^^^^^^^^^^^^^^^^^^^^^^^^^
    )
    ^
  File "C:\tg bot\.venv\Lib\site-packages\sqlalchemy\engine\base.py", line 1988, in _exec_single_context
    self._handle_dbapi_exception(
    ~~~~~~~~~~~~~~~~~~~~~~~~~~~~^
        e, str_statement, effective_parameters, cursor, context
        ^^^^^^^^^^^^^^^^^^^^^^^^^^^^^^^^^^^^^^^^^^^^^^^^^^^^^^^
    )
    ^
  File "C:\tg bot\.venv\Lib\site-packages\sqlalchemy\engine\base.py", line 2365, in _handle_dbapi_exception
    raise sqlalchemy_exception.with_traceback(exc_info[2]) from e
  File "C:\tg bot\.venv\Lib\site-packages\sqlalchemy\engine\base.py", line 1969, in _exec_single_context
    self.dialect.do_execute(
    ~~~~~~~~~~~~~~~~~~~~~~~^
        cursor, str_statement, effective_parameters, context
        ^^^^^^^^^^^^^^^^^^^^^^^^^^^^^^^^^^^^^^^^^^^^^^^^^^^^
    )
    ^
  File "C:\tg bot\.venv\Lib\site-packages\sqlalchemy\engine\default.py", line 952, in do_execute
    cursor.execute(statement, parameters)
    ~~~~~~~~~~~~~~^^^^^^^^^^^^^^^^^^^^^^^
  File "C:\tg bot\.venv\Lib\site-packages\sqlalchemy\dialects\sqlite\aiosqlite.py", line 213, in execute
    self._adapt_connection._handle_exception(error)
    ~~~~~~~~~~~~~~~~~~~~~~~~~~~~~~~~~~~~~~~~^^^^^^^
  File "C:\tg bot\.venv\Lib\site-packages\sqlalchemy\dialects\sqlite\aiosqlite.py", line 373, in _handle_exception
    raise error
  File "C:\tg bot\.venv\Lib\site-packages\sqlalchemy\dialects\sqlite\aiosqlite.py", line 195, in execute
    self.await_(_cursor.execute(operation, parameters))
    ~~~~~~~~~~~^^^^^^^^^^^^^^^^^^^^^^^^^^^^^^^^^^^^^^^^
  File "C:\tg bot\.venv\Lib\site-packages\sqlalchemy\util\_concurrency_py3k.py", line 132, in await_only
    return current.parent.switch(awaitable)  # type: ignore[no-any-return,attr-defined] # noqa: E501
           ~~~~~~~~~~~~~~~~~~~~~^^^^^^^^^^^
  File "C:\tg bot\.venv\Lib\site-packages\sqlalchemy\util\_concurrency_py3k.py", line 196, in greenlet_spawn
    value = await result
            ^^^^^^^^^^^^
  File "C:\tg bot\.venv\Lib\site-packages\aiosqlite\cursor.py", line 40, in execute
    await self._execute(self._cursor.execute, sql, parameters)
  File "C:\tg bot\.venv\Lib\site-packages\aiosqlite\cursor.py", line 32, in _execute
    return await self._conn._execute(fn, *args, **kwargs)
           ^^^^^^^^^^^^^^^^^^^^^^^^^^^^^^^^^^^^^^^^^^^^^^
  File "C:\tg bot\.venv\Lib\site-packages\aiosqlite\core.py", line 160, in _execute
    return await future
           ^^^^^^^^^^^^
  File "C:\tg bot\.venv\Lib\site-packages\aiosqlite\core.py", line 63, in _connection_worker_thread
    result = function()
sqlalchemy.exc.OperationalError: (sqlite3.OperationalError) database is locked
[SQL: INSERT INTO event_logs (section, level, event, user_id, admin_id, order_id, message, payload, ip) VALUES (?, ?, ?, ?, ?, ?, ?, ?, ?) RETURNING id, ts]
[parameters: ('system', 'error', 'bot_error', None, None, None, "OperationalError: (sqlite3.OperationalError) database is locked\n[SQL: UPDATE users SET last_seen_at=? WHERE users.id = ?]\n[parameters: ('2026-08-20 08:29:22.831954', 1)]\n(Background on this error at: https://sqlalche.me/e/20/e3q8)", '{"tg_id": null, "update_id": 621125420}', None)]
(Background on this error at: https://sqlalche.me/e/20/e3q8)
2026-08-20 18:29:44,213 ERROR   events         не удалось записать событие в базу: system/bot_error
Traceback (most recent call last):
  File "C:\tg bot\.venv\Lib\site-packages\sqlalchemy\engine\base.py", line 1969, in _exec_single_context
    self.dialect.do_execute(
    ~~~~~~~~~~~~~~~~~~~~~~~^
        cursor, str_statement, effective_parameters, context
        ^^^^^^^^^^^^^^^^^^^^^^^^^^^^^^^^^^^^^^^^^^^^^^^^^^^^
    )
    ^
  File "C:\tg bot\.venv\Lib\site-packages\sqlalchemy\engine\default.py", line 952, in do_execute
    cursor.execute(statement, parameters)
    ~~~~~~~~~~~~~~^^^^^^^^^^^^^^^^^^^^^^^
  File "C:\tg bot\.venv\Lib\site-packages\sqlalchemy\dialects\sqlite\aiosqlite.py", line 213, in execute
    self._adapt_connection._handle_exception(error)
    ~~~~~~~~~~~~~~~~~~~~~~~~~~~~~~~~~~~~~~~~^^^^^^^
  File "C:\tg bot\.venv\Lib\site-packages\sqlalchemy\dialects\sqlite\aiosqlite.py", line 373, in _handle_exception
    raise error
  File "C:\tg bot\.venv\Lib\site-packages\sqlalchemy\dialects\sqlite\aiosqlite.py", line 195, in execute
    self.await_(_cursor.execute(operation, parameters))
    ~~~~~~~~~~~^^^^^^^^^^^^^^^^^^^^^^^^^^^^^^^^^^^^^^^^
  File "C:\tg bot\.venv\Lib\site-packages\sqlalchemy\util\_concurrency_py3k.py", line 132, in await_only
    return current.parent.switch(awaitable)  # type: ignore[no-any-return,attr-defined] # noqa: E501
           ~~~~~~~~~~~~~~~~~~~~~^^^^^^^^^^^
  File "C:\tg bot\.venv\Lib\site-packages\sqlalchemy\util\_concurrency_py3k.py", line 196, in greenlet_spawn
    value = await result
            ^^^^^^^^^^^^
  File "C:\tg bot\.venv\Lib\site-packages\aiosqlite\cursor.py", line 40, in execute
    await self._execute(self._cursor.execute, sql, parameters)
  File "C:\tg bot\.venv\Lib\site-packages\aiosqlite\cursor.py", line 32, in _execute
    return await self._conn._execute(fn, *args, **kwargs)
           ^^^^^^^^^^^^^^^^^^^^^^^^^^^^^^^^^^^^^^^^^^^^^^
  File "C:\tg bot\.venv\Lib\site-packages\aiosqlite\core.py", line 160, in _execute
    return await future
           ^^^^^^^^^^^^
  File "C:\tg bot\.venv\Lib\site-packages\aiosqlite\core.py", line 63, in _connection_worker_thread
    result = function()
sqlite3.OperationalError: database is locked

The above exception was the direct cause of the following exception:

Traceback (most recent call last):
  File "C:\tg bot\app\services\events.py", line 71, in log_event
    await own.commit()
  File "C:\tg bot\.venv\Lib\site-packages\sqlalchemy\ext\asyncio\session.py", line 999, in commit
    await greenlet_spawn(self.sync_session.commit)
  File "C:\tg bot\.venv\Lib\site-packages\sqlalchemy\util\_concurrency_py3k.py", line 203, in greenlet_spawn
    result = context.switch(value)
  File "C:\tg bot\.venv\Lib\site-packages\sqlalchemy\orm\session.py", line 2035, in commit
    trans.commit(_to_root=True)
    ~~~~~~~~~~~~^^^^^^^^^^^^^^^
  File "<string>", line 2, in commit
  File "C:\tg bot\.venv\Lib\site-packages\sqlalchemy\orm\state_changes.py", line 137, in _go
    ret_value = fn(self, *arg, **kw)
  File "C:\tg bot\.venv\Lib\site-packages\sqlalchemy\orm\session.py", line 1316, in commit
    self._prepare_impl()
    ~~~~~~~~~~~~~~~~~~^^
  File "<string>", line 2, in _prepare_impl
  File "C:\tg bot\.venv\Lib\site-packages\sqlalchemy\orm\state_changes.py", line 137, in _go
    ret_value = fn(self, *arg, **kw)
  File "C:\tg bot\.venv\Lib\site-packages\sqlalchemy\orm\session.py", line 1290, in _prepare_impl
    self.session.flush()
    ~~~~~~~~~~~~~~~~~~^^
  File "C:\tg bot\.venv\Lib\site-packages\sqlalchemy\orm\session.py", line 4353, in flush
    self._flush(objects)
    ~~~~~~~~~~~^^^^^^^^^
  File "C:\tg bot\.venv\Lib\site-packages\sqlalchemy\orm\session.py", line 4488, in _flush
    with util.safe_reraise():
         ~~~~~~~~~~~~~~~~~^^
  File "C:\tg bot\.venv\Lib\site-packages\sqlalchemy\util\langhelpers.py", line 122, in __exit__
    raise exc_value.with_traceback(exc_tb)
  File "C:\tg bot\.venv\Lib\site-packages\sqlalchemy\orm\session.py", line 4449, in _flush
    flush_context.execute()
    ~~~~~~~~~~~~~~~~~~~~~^^
  File "C:\tg bot\.venv\Lib\site-packages\sqlalchemy\orm\unitofwork.py", line 465, in execute
    rec.execute(self)
    ~~~~~~~~~~~^^^^^^
  File "C:\tg bot\.venv\Lib\site-packages\sqlalchemy\orm\unitofwork.py", line 641, in execute
    util.preloaded.orm_persistence.save_obj(
    ~~~~~~~~~~~~~~~~~~~~~~~~~~~~~~~~~~~~~~~^
        self.mapper,
        ^^^^^^^^^^^^
        uow.states_for_mapper_hierarchy(self.mapper, False, False),
        ^^^^^^^^^^^^^^^^^^^^^^^^^^^^^^^^^^^^^^^^^^^^^^^^^^^^^^^^^^^
        uow,
        ^^^^
    )
    ^
  File "C:\tg bot\.venv\Lib\site-packages\sqlalchemy\orm\persistence.py", line 94, in save_obj
    _emit_insert_statements(
    ~~~~~~~~~~~~~~~~~~~~~~~^
        base_mapper,
        ^^^^^^^^^^^^
    ...<3 lines>...
        insert,
        ^^^^^^^
    )
    ^
  File "C:\tg bot\.venv\Lib\site-packages\sqlalchemy\orm\persistence.py", line 1234, in _emit_insert_statements
    result = connection.execute(
        statement,
        params,
        execution_options=execution_options,
    )
  File "C:\tg bot\.venv\Lib\site-packages\sqlalchemy\engine\base.py", line 1421, in execute
    return meth(
        self,
        distilled_parameters,
        execution_options or NO_OPTIONS,
    )
  File "C:\tg bot\.venv\Lib\site-packages\sqlalchemy\sql\elements.py", line 526, in _execute_on_connection
    return connection._execute_clauseelement(
           ~~~~~~~~~~~~~~~~~~~~~~~~~~~~~~~~~^
        self, distilled_params, execution_options
        ^^^^^^^^^^^^^^^^^^^^^^^^^^^^^^^^^^^^^^^^^
    )
    ^
  File "C:\tg bot\.venv\Lib\site-packages\sqlalchemy\engine\base.py", line 1643, in _execute_clauseelement
    ret = self._execute_context(
        dialect,
    ...<8 lines>...
        cache_hit=cache_hit,
    )
  File "C:\tg bot\.venv\Lib\site-packages\sqlalchemy\engine\base.py", line 1848, in _execute_context
    return self._exec_single_context(
           ~~~~~~~~~~~~~~~~~~~~~~~~~^
        dialect, context, statement, parameters
        ^^^^^^^^^^^^^^^^^^^^^^^^^^^^^^^^^^^^^^^
    )
    ^
  File "C:\tg bot\.venv\Lib\site-packages\sqlalchemy\engine\base.py", line 1988, in _exec_single_context
    self._handle_dbapi_exception(
    ~~~~~~~~~~~~~~~~~~~~~~~~~~~~^
        e, str_statement, effective_parameters, cursor, context
        ^^^^^^^^^^^^^^^^^^^^^^^^^^^^^^^^^^^^^^^^^^^^^^^^^^^^^^^
    )
    ^
  File "C:\tg bot\.venv\Lib\site-packages\sqlalchemy\engine\base.py", line 2365, in _handle_dbapi_exception
    raise sqlalchemy_exception.with_traceback(exc_info[2]) from e
  File "C:\tg bot\.venv\Lib\site-packages\sqlalchemy\engine\base.py", line 1969, in _exec_single_context
    self.dialect.do_execute(
    ~~~~~~~~~~~~~~~~~~~~~~~^
        cursor, str_statement, effective_parameters, context
        ^^^^^^^^^^^^^^^^^^^^^^^^^^^^^^^^^^^^^^^^^^^^^^^^^^^^
    )
    ^
  File "C:\tg bot\.venv\Lib\site-packages\sqlalchemy\engine\default.py", line 952, in do_execute
    cursor.execute(statement, parameters)
    ~~~~~~~~~~~~~~^^^^^^^^^^^^^^^^^^^^^^^
  File "C:\tg bot\.venv\Lib\site-packages\sqlalchemy\dialects\sqlite\aiosqlite.py", line 213, in execute
    self._adapt_connection._handle_exception(error)
    ~~~~~~~~~~~~~~~~~~~~~~~~~~~~~~~~~~~~~~~~^^^^^^^
  File "C:\tg bot\.venv\Lib\site-packages\sqlalchemy\dialects\sqlite\aiosqlite.py", line 373, in _handle_exception
    raise error
  File "C:\tg bot\.venv\Lib\site-packages\sqlalchemy\dialects\sqlite\aiosqlite.py", line 195, in execute
    self.await_(_cursor.execute(operation, parameters))
    ~~~~~~~~~~~^^^^^^^^^^^^^^^^^^^^^^^^^^^^^^^^^^^^^^^^
  File "C:\tg bot\.venv\Lib\site-packages\sqlalchemy\util\_concurrency_py3k.py", line 132, in await_only
    return current.parent.switch(awaitable)  # type: ignore[no-any-return,attr-defined] # noqa: E501
           ~~~~~~~~~~~~~~~~~~~~~^^^^^^^^^^^
  File "C:\tg bot\.venv\Lib\site-packages\sqlalchemy\util\_concurrency_py3k.py", line 196, in greenlet_spawn
    value = await result
            ^^^^^^^^^^^^
  File "C:\tg bot\.venv\Lib\site-packages\aiosqlite\cursor.py", line 40, in execute
    await self._execute(self._cursor.execute, sql, parameters)
  File "C:\tg bot\.venv\Lib\site-packages\aiosqlite\cursor.py", line 32, in _execute
    return await self._conn._execute(fn, *args, **kwargs)
           ^^^^^^^^^^^^^^^^^^^^^^^^^^^^^^^^^^^^^^^^^^^^^^
  File "C:\tg bot\.venv\Lib\site-packages\aiosqlite\core.py", line 160, in _execute
    return await future
           ^^^^^^^^^^^^
  File "C:\tg bot\.venv\Lib\site-packages\aiosqlite\core.py", line 63, in _connection_worker_thread
    result = function()
sqlalchemy.exc.OperationalError: (sqlite3.OperationalError) database is locked
[SQL: INSERT INTO event_logs (section, level, event, user_id, admin_id, order_id, message, payload, ip) VALUES (?, ?, ?, ?, ?, ?, ?, ?, ?) RETURNING id, ts]
[parameters: ('system', 'error', 'bot_error', None, None, None, "OperationalError: (sqlite3.OperationalError) database is locked\n[SQL: UPDATE users SET last_seen_at=? WHERE users.id = ?]\n[parameters: ('2026-08-20 08:29:25.253155', 1)]\n(Background on this error at: https://sqlalche.me/e/20/e3q8)", '{"tg_id": null, "update_id": 621125421}', None)]
(Background on this error at: https://sqlalche.me/e/20/e3q8)
2026-08-20 18:29:45,593 INFO    aiogram.event  Update id=621125420 is handled. Duration 22766 ms by bot id=8838707397
2026-08-20 18:29:45,724 INFO    aiogram.event  Update id=621125421 is handled. Duration 20477 ms by bot id=8838707397
2026-08-20 18:48:55,933 INFO    catalog        обновление наличия каждые 180 с
2026-08-20 18:48:55,940 INFO    payments       опрос неоплаченных счетов каждые 25 с
2026-08-20 18:48:57,349 INFO    bot            бот @AntarcticShop_Robot (id 8838707397) запущен
2026-08-20 18:48:57,717 INFO    events         [system] bot_started user=None 
2026-08-20 18:48:57,751 INFO    aiogram.dispatcher Start polling
2026-08-20 18:48:57,916 INFO    aiogram.dispatcher Run polling for bot @AntarcticShop_Robot id=8838707397 - 'Antarctic Shop'
2026-08-20 18:49:55,579 INFO    events         [shop] open user=1 
2026-08-20 18:49:57,100 INFO    aiogram.event  Update id=621125422 is handled. Duration 1558 ms by bot id=8838707397
2026-08-20 18:49:59,289 INFO    events         [payment] open user=1 
2026-08-20 18:50:01,361 INFO    aiogram.event  Update id=621125423 is handled. Duration 2088 ms by bot id=8838707397
2026-08-20 18:50:03,364 INFO    aiogram.event  Update id=621125424 is handled. Duration 487 ms by bot id=8838707397
2026-08-20 18:50:05,899 INFO    events         [payment] invoice_created user=1 Crypto Bot · 50 ₽ · 50 ₽
2026-08-20 18:50:06,124 INFO    aiogram.event  Update id=621125425 is handled. Duration 2047 ms by bot id=8838707397
2026-08-20 18:50:30,830 INFO    events         [user] start_new user=2 новый клиент @Astralixis
2026-08-20 18:50:31,069 INFO    aiogram.event  Update id=621125426 is handled. Duration 280 ms by bot id=8838707397
2026-08-20 18:50:32,157 INFO    events         [payment] open user=2 
2026-08-20 18:50:32,401 INFO    aiogram.event  Update id=621125427 is handled. Duration 257 ms by bot id=8838707397
2026-08-20 18:50:35,465 INFO    aiogram.event  Update id=621125428 is handled. Duration 235 ms by bot id=8838707397
2026-08-20 18:50:41,713 INFO    aiogram.event  Update id=621125429 is handled. Duration 413 ms by bot id=8838707397
2026-08-20 18:50:46,006 INFO    events         [payment] invoice_created user=2 xRocket · 50 ₽ · 0.616235 USDT
2026-08-20 18:50:46,278 INFO    aiogram.event  Update id=621125430 is handled. Duration 3234 ms by bot id=8838707397
2026-08-20 18:50:54,763 INFO    events         [payment] expired user=2 xRocket · 50 ₽
2026-08-20 18:50:55,259 INFO    aiogram.event  Update id=621125431 is handled. Duration 1770 ms by bot id=8838707397
2026-08-20 18:50:58,280 INFO    aiogram.event  Update id=621125432 is handled. Duration 426 ms by bot id=8838707397
2026-08-20 18:51:05,536 INFO    events         [payment] invoice_created user=2 Crypto Bot · 50 ₽ · 50 ₽
2026-08-20 18:51:05,771 INFO    aiogram.event  Update id=621125433 is handled. Duration 915 ms by bot id=8838707397
2026-08-20 18:51:19,130 INFO    events         [user] open_profile user=2 
2026-08-20 18:51:19,344 INFO    aiogram.event  Update id=621125434 is handled. Duration 230 ms by bot id=8838707397
2026-08-20 18:51:21,508 INFO    events         [referral] open user=2 
2026-08-20 18:51:21,926 INFO    aiogram.event  Update id=621125435 is handled. Duration 474 ms by bot id=8838707397
2026-08-20 18:51:34,715 INFO    events         [user] start_new user=3 новый клиент @vazovskyvaza
2026-08-20 18:51:34,750 INFO    events         [referral] bound user=3 пришёл по ссылке @Astralixis
2026-08-20 18:51:34,965 INFO    aiogram.event  Update id=621125436 is handled. Duration 281 ms by bot id=8838707397
2026-08-20 18:51:40,106 INFO    events         [user] open_profile user=2 
2026-08-20 18:51:40,321 INFO    aiogram.event  Update id=621125437 is handled. Duration 240 ms by bot id=8838707397
2026-08-20 18:51:42,095 INFO    events         [referral] open user=2 
2026-08-20 18:51:42,482 INFO    aiogram.event  Update id=621125438 is handled. Duration 425 ms by bot id=8838707397
2026-08-20 18:51:58,736 INFO    catalog        наличие: IN=36
2026-08-20 18:52:19,659 INFO    events         [user] open_profile user=1 
2026-08-20 18:52:19,945 INFO    aiogram.event  Update id=621125439 is handled. Duration 304 ms by bot id=8838707397
2026-08-20 18:52:21,903 INFO    events         [shop] open user=1 
2026-08-20 18:52:22,126 INFO    aiogram.event  Update id=621125440 is handled. Duration 236 ms by bot id=8838707397
2026-08-20 18:52:23,562 INFO    aiogram.event  Update id=621125441 is handled. Duration 384 ms by bot id=8838707397
2026-08-20 18:52:24,835 INFO    events         [balance] debit user=1 −15 ₽ → 35 ₽ (заказ №1, Индия +91)
2026-08-20 18:52:24,836 INFO    events         [shop] order_created user=1 Индия +91 за 15 ₽ (bot)
2026-08-20 18:52:35,640 INFO    events         [shop] order_purchased user=1 Индия +91: 9184…55, закуп 11 ₽, маржа 4 ₽
2026-08-20 18:52:35,961 INFO    aiogram.event  Update id=621125442 is handled. Duration 11565 ms by bot id=8838707397
2026-08-20 18:53:30,626 INFO    events         [shop] code_issued user=1 9184…55, запрос 1 из 5
2026-08-20 18:53:31,099 INFO    aiogram.event  Update id=621125443 is handled. Duration 4101 ms by bot id=8838707397
2026-08-20 18:55:00,890 INFO    catalog        наличие: IN=36
2026-08-20 18:55:34,516 WARNING events         [lzt] reset_failed user=1 Изменения сохранены
2026-08-20 18:55:40,016 ERROR   events         не удалось записать событие в базу: lzt/reset_failed
Traceback (most recent call last):
  File "C:\tg bot\.venv\Lib\site-packages\sqlalchemy\engine\base.py", line 1969, in _exec_single_context
    self.dialect.do_execute(
    ~~~~~~~~~~~~~~~~~~~~~~~^
        cursor, str_statement, effective_parameters, context
        ^^^^^^^^^^^^^^^^^^^^^^^^^^^^^^^^^^^^^^^^^^^^^^^^^^^^
    )
    ^
  File "C:\tg bot\.venv\Lib\site-packages\sqlalchemy\engine\default.py", line 952, in do_execute
    cursor.execute(statement, parameters)
    ~~~~~~~~~~~~~~^^^^^^^^^^^^^^^^^^^^^^^
  File "C:\tg bot\.venv\Lib\site-packages\sqlalchemy\dialects\sqlite\aiosqlite.py", line 213, in execute
    self._adapt_connection._handle_exception(error)
    ~~~~~~~~~~~~~~~~~~~~~~~~~~~~~~~~~~~~~~~~^^^^^^^
  File "C:\tg bot\.venv\Lib\site-packages\sqlalchemy\dialects\sqlite\aiosqlite.py", line 373, in _handle_exception
    raise error
  File "C:\tg bot\.venv\Lib\site-packages\sqlalchemy\dialects\sqlite\aiosqlite.py", line 195, in execute
    self.await_(_cursor.execute(operation, parameters))
    ~~~~~~~~~~~^^^^^^^^^^^^^^^^^^^^^^^^^^^^^^^^^^^^^^^^
  File "C:\tg bot\.venv\Lib\site-packages\sqlalchemy\util\_concurrency_py3k.py", line 132, in await_only
    return current.parent.switch(awaitable)  # type: ignore[no-any-return,attr-defined] # noqa: E501
           ~~~~~~~~~~~~~~~~~~~~~^^^^^^^^^^^
  File "C:\tg bot\.venv\Lib\site-packages\sqlalchemy\util\_concurrency_py3k.py", line 196, in greenlet_spawn
    value = await result
            ^^^^^^^^^^^^
  File "C:\tg bot\.venv\Lib\site-packages\aiosqlite\cursor.py", line 40, in execute
    await self._execute(self._cursor.execute, sql, parameters)
  File "C:\tg bot\.venv\Lib\site-packages\aiosqlite\cursor.py", line 32, in _execute
    return await self._conn._execute(fn, *args, **kwargs)
           ^^^^^^^^^^^^^^^^^^^^^^^^^^^^^^^^^^^^^^^^^^^^^^
  File "C:\tg bot\.venv\Lib\site-packages\aiosqlite\core.py", line 160, in _execute
    return await future
           ^^^^^^^^^^^^
  File "C:\tg bot\.venv\Lib\site-packages\aiosqlite\core.py", line 63, in _connection_worker_thread
    result = function()
sqlite3.OperationalError: database is locked

The above exception was the direct cause of the following exception:

Traceback (most recent call last):
  File "C:\tg bot\app\services\events.py", line 71, in log_event
    await own.commit()
  File "C:\tg bot\.venv\Lib\site-packages\sqlalchemy\ext\asyncio\session.py", line 999, in commit
    await greenlet_spawn(self.sync_session.commit)
  File "C:\tg bot\.venv\Lib\site-packages\sqlalchemy\util\_concurrency_py3k.py", line 203, in greenlet_spawn
    result = context.switch(value)
  File "C:\tg bot\.venv\Lib\site-packages\sqlalchemy\orm\session.py", line 2035, in commit
    trans.commit(_to_root=True)
    ~~~~~~~~~~~~^^^^^^^^^^^^^^^
  File "<string>", line 2, in commit
  File "C:\tg bot\.venv\Lib\site-packages\sqlalchemy\orm\state_changes.py", line 137, in _go
    ret_value = fn(self, *arg, **kw)
  File "C:\tg bot\.venv\Lib\site-packages\sqlalchemy\orm\session.py", line 1316, in commit
    self._prepare_impl()
    ~~~~~~~~~~~~~~~~~~^^
  File "<string>", line 2, in _prepare_impl
  File "C:\tg bot\.venv\Lib\site-packages\sqlalchemy\orm\state_changes.py", line 137, in _go
    ret_value = fn(self, *arg, **kw)
  File "C:\tg bot\.venv\Lib\site-packages\sqlalchemy\orm\session.py", line 1290, in _prepare_impl
    self.session.flush()
    ~~~~~~~~~~~~~~~~~~^^
  File "C:\tg bot\.venv\Lib\site-packages\sqlalchemy\orm\session.py", line 4353, in flush
    self._flush(objects)
    ~~~~~~~~~~~^^^^^^^^^
  File "C:\tg bot\.venv\Lib\site-packages\sqlalchemy\orm\session.py", line 4488, in _flush
    with util.safe_reraise():
         ~~~~~~~~~~~~~~~~~^^
  File "C:\tg bot\.venv\Lib\site-packages\sqlalchemy\util\langhelpers.py", line 122, in __exit__
    raise exc_value.with_traceback(exc_tb)
  File "C:\tg bot\.venv\Lib\site-packages\sqlalchemy\orm\session.py", line 4449, in _flush
    flush_context.execute()
    ~~~~~~~~~~~~~~~~~~~~~^^
  File "C:\tg bot\.venv\Lib\site-packages\sqlalchemy\orm\unitofwork.py", line 465, in execute
    rec.execute(self)
    ~~~~~~~~~~~^^^^^^
  File "C:\tg bot\.venv\Lib\site-packages\sqlalchemy\orm\unitofwork.py", line 641, in execute
    util.preloaded.orm_persistence.save_obj(
    ~~~~~~~~~~~~~~~~~~~~~~~~~~~~~~~~~~~~~~~^
        self.mapper,
        ^^^^^^^^^^^^
        uow.states_for_mapper_hierarchy(self.mapper, False, False),
        ^^^^^^^^^^^^^^^^^^^^^^^^^^^^^^^^^^^^^^^^^^^^^^^^^^^^^^^^^^^
        uow,
        ^^^^
    )
    ^
  File "C:\tg bot\.venv\Lib\site-packages\sqlalchemy\orm\persistence.py", line 94, in save_obj
    _emit_insert_statements(
    ~~~~~~~~~~~~~~~~~~~~~~~^
        base_mapper,
        ^^^^^^^^^^^^
    ...<3 lines>...
        insert,
        ^^^^^^^
    )
    ^
  File "C:\tg bot\.venv\Lib\site-packages\sqlalchemy\orm\persistence.py", line 1234, in _emit_insert_statements
    result = connection.execute(
        statement,
        params,
        execution_options=execution_options,
    )
  File "C:\tg bot\.venv\Lib\site-packages\sqlalchemy\engine\base.py", line 1421, in execute
    return meth(
        self,
        distilled_parameters,
        execution_options or NO_OPTIONS,
    )
  File "C:\tg bot\.venv\Lib\site-packages\sqlalchemy\sql\elements.py", line 526, in _execute_on_connection
    return connection._execute_clauseelement(
           ~~~~~~~~~~~~~~~~~~~~~~~~~~~~~~~~~^
        self, distilled_params, execution_options
        ^^^^^^^^^^^^^^^^^^^^^^^^^^^^^^^^^^^^^^^^^
    )
    ^
  File "C:\tg bot\.venv\Lib\site-packages\sqlalchemy\engine\base.py", line 1643, in _execute_clauseelement
    ret = self._execute_context(
        dialect,
    ...<8 lines>...
        cache_hit=cache_hit,
    )
  File "C:\tg bot\.venv\Lib\site-packages\sqlalchemy\engine\base.py", line 1848, in _execute_context
    return self._exec_single_context(
           ~~~~~~~~~~~~~~~~~~~~~~~~~^
        dialect, context, statement, parameters
        ^^^^^^^^^^^^^^^^^^^^^^^^^^^^^^^^^^^^^^^
    )
    ^
  File "C:\tg bot\.venv\Lib\site-packages\sqlalchemy\engine\base.py", line 1988, in _exec_single_context
    self._handle_dbapi_exception(
    ~~~~~~~~~~~~~~~~~~~~~~~~~~~~^
        e, str_statement, effective_parameters, cursor, context
        ^^^^^^^^^^^^^^^^^^^^^^^^^^^^^^^^^^^^^^^^^^^^^^^^^^^^^^^
    )
    ^
  File "C:\tg bot\.venv\Lib\site-packages\sqlalchemy\engine\base.py", line 2365, in _handle_dbapi_exception
    raise sqlalchemy_exception.with_traceback(exc_info[2]) from e
  File "C:\tg bot\.venv\Lib\site-packages\sqlalchemy\engine\base.py", line 1969, in _exec_single_context
    self.dialect.do_execute(
    ~~~~~~~~~~~~~~~~~~~~~~~^
        cursor, str_statement, effective_parameters, context
        ^^^^^^^^^^^^^^^^^^^^^^^^^^^^^^^^^^^^^^^^^^^^^^^^^^^^
    )
    ^
  File "C:\tg bot\.venv\Lib\site-packages\sqlalchemy\engine\default.py", line 952, in do_execute
    cursor.execute(statement, parameters)
    ~~~~~~~~~~~~~~^^^^^^^^^^^^^^^^^^^^^^^
  File "C:\tg bot\.venv\Lib\site-packages\sqlalchemy\dialects\sqlite\aiosqlite.py", line 213, in execute
    self._adapt_connection._handle_exception(error)
    ~~~~~~~~~~~~~~~~~~~~~~~~~~~~~~~~~~~~~~~~^^^^^^^
  File "C:\tg bot\.venv\Lib\site-packages\sqlalchemy\dialects\sqlite\aiosqlite.py", line 373, in _handle_exception
    raise error
  File "C:\tg bot\.venv\Lib\site-packages\sqlalchemy\dialects\sqlite\aiosqlite.py", line 195, in execute
    self.await_(_cursor.execute(operation, parameters))
    ~~~~~~~~~~~^^^^^^^^^^^^^^^^^^^^^^^^^^^^^^^^^^^^^^^^
  File "C:\tg bot\.venv\Lib\site-packages\sqlalchemy\util\_concurrency_py3k.py", line 132, in await_only
    return current.parent.switch(awaitable)  # type: ignore[no-any-return,attr-defined] # noqa: E501
           ~~~~~~~~~~~~~~~~~~~~~^^^^^^^^^^^
  File "C:\tg bot\.venv\Lib\site-packages\sqlalchemy\util\_concurrency_py3k.py", line 196, in greenlet_spawn
    value = await result
            ^^^^^^^^^^^^
  File "C:\tg bot\.venv\Lib\site-packages\aiosqlite\cursor.py", line 40, in execute
    await self._execute(self._cursor.execute, sql, parameters)
  File "C:\tg bot\.venv\Lib\site-packages\aiosqlite\cursor.py", line 32, in _execute
    return await self._conn._execute(fn, *args, **kwargs)
           ^^^^^^^^^^^^^^^^^^^^^^^^^^^^^^^^^^^^^^^^^^^^^^
  File "C:\tg bot\.venv\Lib\site-packages\aiosqlite\core.py", line 160, in _execute
    return await future
           ^^^^^^^^^^^^
  File "C:\tg bot\.venv\Lib\site-packages\aiosqlite\core.py", line 63, in _connection_worker_thread
    result = function()
sqlalchemy.exc.OperationalError: (sqlite3.OperationalError) database is locked
[SQL: INSERT INTO event_logs (section, level, event, user_id, admin_id, order_id, message, payload, ip) VALUES (?, ?, ?, ?, ?, ?, ?, ?, ?) RETURNING id, ts]
[parameters: ('lzt', 'warn', 'reset_failed', 1, None, 1, 'Изменения сохранены', 'null', None)]
(Background on this error at: https://sqlalche.me/e/20/e3q8)
2026-08-20 18:55:40,304 INFO    aiogram.event  Update id=621125444 is handled. Duration 8507 ms by bot id=8838707397
2026-08-20 18:55:47,809 INFO    events         [user] open_profile user=1 
2026-08-20 18:55:48,031 INFO    aiogram.event  Update id=621125445 is handled. Duration 233 ms by bot id=8838707397
2026-08-20 18:55:49,874 INFO    events         [user] open_topups user=1 
2026-08-20 18:55:50,256 INFO    aiogram.event  Update id=621125446 is handled. Duration 408 ms by bot id=8838707397
2026-08-20 18:55:51,629 INFO    aiogram.event  Update id=621125447 is handled. Duration 406 ms by bot id=8838707397
2026-08-20 18:55:52,716 INFO    events         [user] open_orders user=1 
2026-08-20 18:55:53,105 INFO    aiogram.event  Update id=621125448 is handled. Duration 410 ms by bot id=8838707397
2026-08-20 18:55:55,257 INFO    aiogram.event  Update id=621125449 is handled. Duration 448 ms by bot id=8838707397
2026-08-20 18:58:02,686 INFO    catalog        наличие: IN=31
2026-08-20 22:34:03,789 INFO    catalog        обновление наличия каждые 180 с
2026-08-20 22:34:03,864 INFO    payments       опрос неоплаченных счетов каждые 25 с
2026-08-20 22:34:03,874 INFO    reviews        публикация отзывов раз в 20 с
2026-08-20 22:34:10,071 INFO    bot            бот @AntarcticShop_Robot (id 8838707397) запущен
2026-08-20 22:34:10,447 INFO    events         [system] bot_started user=None 
2026-08-20 22:34:11,517 INFO    aiogram.dispatcher Start polling
2026-08-20 22:34:11,582 INFO    catalog        наличие: IN=5
2026-08-20 22:34:11,597 INFO    events         [payment] expired user=2 Crypto Bot · 50 ₽
2026-08-20 22:34:11,710 INFO    aiogram.dispatcher Run polling for bot @AntarcticShop_Robot id=8838707397 - 'Antarctic Shop'
2026-08-20 22:34:11,940 INFO    events         [shop] open user=1 
2026-08-20 22:34:11,952 INFO    events         [user] open_profile user=1 
2026-08-20 22:34:13,630 INFO    aiogram.event  Update id=621125450 is handled. Duration 1723 ms by bot id=8838707397
2026-08-20 22:34:13,653 INFO    aiogram.event  Update id=621125451 is handled. Duration 1730 ms by bot id=8838707397
2026-08-20 22:34:20,315 INFO    events         [shop] open user=1 
2026-08-20 22:34:20,582 INFO    aiogram.event  Update id=621125452 is handled. Duration 275 ms by bot id=8838707397
2026-08-20 22:34:22,141 INFO    events         [user] open_profile user=1 
2026-08-20 22:34:22,355 INFO    aiogram.event  Update id=621125453 is handled. Duration 224 ms by bot id=8838707397
2026-08-20 22:34:24,644 INFO    events         [user] open_orders user=1 
2026-08-20 22:34:25,461 INFO    aiogram.event  Update id=621125454 is handled. Duration 837 ms by bot id=8838707397
2026-08-20 22:34:27,895 INFO    aiogram.event  Update id=621125455 is handled. Duration 407 ms by bot id=8838707397
2026-08-20 23:19:02,471 INFO    catalog        обновление наличия каждые 180 с
2026-08-20 23:19:02,483 INFO    payments       опрос неоплаченных счетов каждые 25 с
2026-08-20 23:19:02,488 INFO    reviews        публикация отзывов раз в 20 с
2026-08-20 23:19:05,090 INFO    bot            бот @AntarcticShop_Robot (id 8838707397) запущен
2026-08-20 23:19:05,470 INFO    events         [system] bot_started user=None 
2026-08-20 23:19:05,489 INFO    aiogram.dispatcher Start polling
2026-08-20 23:19:05,653 INFO    aiogram.dispatcher Run polling for bot @AntarcticShop_Robot id=8838707397 - 'Antarctic Shop'
2026-08-20 23:19:05,953 INFO    catalog        наличие: IN=10
2026-08-20 23:19:28,861 INFO    events         [user] start user=1 повторный вход
2026-08-20 23:19:30,610 INFO    aiogram.event  Update id=621125456 is handled. Duration 1773 ms by bot id=8838707397
2026-08-20 23:19:34,399 INFO    events         [shop] open user=1 
2026-08-20 23:19:34,621 INFO    aiogram.event  Update id=621125457 is handled. Duration 231 ms by bot id=8838707397
2026-08-20 23:19:37,950 INFO    aiogram.event  Update id=621125458 is handled. Duration 830 ms by bot id=8838707397
2026-08-20 23:19:38,911 INFO    aiogram.event  Update id=621125459 is handled. Duration 385 ms by bot id=8838707397
2026-08-20 23:19:39,348 INFO    events         [user] open_profile user=1 
2026-08-20 23:19:39,640 INFO    aiogram.event  Update id=621125460 is handled. Duration 303 ms by bot id=8838707397
2026-08-20 23:19:41,193 INFO    events         [user] open_accounts user=1 
2026-08-20 23:19:41,595 INFO    aiogram.event  Update id=621125461 is handled. Duration 421 ms by bot id=8838707397
2026-08-20 23:19:42,993 INFO    aiogram.event  Update id=621125462 is handled. Duration 421 ms by bot id=8838707397
2026-08-20 23:19:45,002 INFO    aiogram.event  Update id=621125463 is handled. Duration 627 ms by bot id=8838707397
2026-08-20 23:19:46,614 INFO    aiogram.event  Update id=621125464 is handled. Duration 417 ms by bot id=8838707397
2026-08-20 23:19:47,732 ERROR   bot            ошибка обработки апдейта
Traceback (most recent call last):
  File "C:\tg bot\.venv\Lib\site-packages\sqlalchemy\engine\base.py", line 1969, in _exec_single_context
    self.dialect.do_execute(
    ~~~~~~~~~~~~~~~~~~~~~~~^
        cursor, str_statement, effective_parameters, context
        ^^^^^^^^^^^^^^^^^^^^^^^^^^^^^^^^^^^^^^^^^^^^^^^^^^^^
    )
    ^
  File "C:\tg bot\.venv\Lib\site-packages\sqlalchemy\engine\default.py", line 952, in do_execute
    cursor.execute(statement, parameters)
    ~~~~~~~~~~~~~~^^^^^^^^^^^^^^^^^^^^^^^
  File "C:\tg bot\.venv\Lib\site-packages\sqlalchemy\dialects\sqlite\aiosqlite.py", line 213, in execute
    self._adapt_connection._handle_exception(error)
    ~~~~~~~~~~~~~~~~~~~~~~~~~~~~~~~~~~~~~~~~^^^^^^^
  File "C:\tg bot\.venv\Lib\site-packages\sqlalchemy\dialects\sqlite\aiosqlite.py", line 373, in _handle_exception
    raise error
  File "C:\tg bot\.venv\Lib\site-packages\sqlalchemy\dialects\sqlite\aiosqlite.py", line 195, in execute
    self.await_(_cursor.execute(operation, parameters))
    ~~~~~~~~~~~^^^^^^^^^^^^^^^^^^^^^^^^^^^^^^^^^^^^^^^^
  File "C:\tg bot\.venv\Lib\site-packages\sqlalchemy\util\_concurrency_py3k.py", line 132, in await_only
    return current.parent.switch(awaitable)  # type: ignore[no-any-return,attr-defined] # noqa: E501
           ~~~~~~~~~~~~~~~~~~~~~^^^^^^^^^^^
  File "C:\tg bot\.venv\Lib\site-packages\sqlalchemy\util\_concurrency_py3k.py", line 196, in greenlet_spawn
    value = await result
            ^^^^^^^^^^^^
  File "C:\tg bot\.venv\Lib\site-packages\aiosqlite\cursor.py", line 40, in execute
    await self._execute(self._cursor.execute, sql, parameters)
  File "C:\tg bot\.venv\Lib\site-packages\aiosqlite\cursor.py", line 32, in _execute
    return await self._conn._execute(fn, *args, **kwargs)
           ^^^^^^^^^^^^^^^^^^^^^^^^^^^^^^^^^^^^^^^^^^^^^^
  File "C:\tg bot\.venv\Lib\site-packages\aiosqlite\core.py", line 160, in _execute
    return await future
           ^^^^^^^^^^^^
  File "C:\tg bot\.venv\Lib\site-packages\aiosqlite\core.py", line 63, in _connection_worker_thread
    result = function()
sqlite3.IntegrityError: NOT NULL constraint failed: reviews.text

The above exception was the direct cause of the following exception:

Traceback (most recent call last):
  File "C:\tg bot\.venv\Lib\site-packages\aiogram\dispatcher\middlewares\error.py", line 27, in __call__
    return await handler(event, data)
           ^^^^^^^^^^^^^^^^^^^^^^^^^^
  File "C:\tg bot\.venv\Lib\site-packages\aiogram\dispatcher\middlewares\user_context.py", line 58, in __call__
    return await handler(event, data)
           ^^^^^^^^^^^^^^^^^^^^^^^^^^
  File "C:\tg bot\.venv\Lib\site-packages\aiogram\fsm\middleware.py", line 43, in __call__
    return await handler(event, data)
           ^^^^^^^^^^^^^^^^^^^^^^^^^^
  File "C:\tg bot\app\bot\middlewares.py", line 33, in __call__
    return await handler(event, data)
           ^^^^^^^^^^^^^^^^^^^^^^^^^^
  File "C:\tg bot\app\bot\middlewares.py", line 65, in __call__
    return await handler(event, data)
           ^^^^^^^^^^^^^^^^^^^^^^^^^^
  File "C:\tg bot\.venv\Lib\site-packages\aiogram\dispatcher\event\telegram.py", line 126, in trigger
    return await wrapped_inner(event, kwargs)
           ^^^^^^^^^^^^^^^^^^^^^^^^^^^^^^^^^^
  File "C:\tg bot\.venv\Lib\site-packages\aiogram\dispatcher\event\handler.py", line 71, in call
    return await wrapped()
           ^^^^^^^^^^^^^^^
  File "C:\tg bot\.venv\Lib\site-packages\aiogram\dispatcher\dispatcher.py", line 283, in _listen_update
    return await self.propagate_event(update_type=update_type, event=event, **kwargs)
           ^^^^^^^^^^^^^^^^^^^^^^^^^^^^^^^^^^^^^^^^^^^^^^^^^^^^^^^^^^^^^^^^^^^^^^^^^^
  File "C:\tg bot\.venv\Lib\site-packages\aiogram\dispatcher\router.py", line 167, in propagate_event
    return await observer.wrap_outer_middleware(_wrapped, event=event, data=kwargs)
           ^^^^^^^^^^^^^^^^^^^^^^^^^^^^^^^^^^^^^^^^^^^^^^^^^^^^^^^^^^^^^^^^^^^^^^^^
  File "C:\tg bot\.venv\Lib\site-packages\aiogram\dispatcher\router.py", line 159, in _wrapped
    return await self._propagate_event(
           ^^^^^^^^^^^^^^^^^^^^^^^^^^^^
    ...<4 lines>...
    )
    ^
  File "C:\tg bot\.venv\Lib\site-packages\aiogram\dispatcher\router.py", line 195, in _propagate_event
    response = await router.propagate_event(update_type=update_type, event=event, **kwargs)
               ^^^^^^^^^^^^^^^^^^^^^^^^^^^^^^^^^^^^^^^^^^^^^^^^^^^^^^^^^^^^^^^^^^^^^^^^^^^^
  File "C:\tg bot\.venv\Lib\site-packages\aiogram\dispatcher\router.py", line 167, in propagate_event
    return await observer.wrap_outer_middleware(_wrapped, event=event, data=kwargs)
           ^^^^^^^^^^^^^^^^^^^^^^^^^^^^^^^^^^^^^^^^^^^^^^^^^^^^^^^^^^^^^^^^^^^^^^^^
  File "C:\tg bot\.venv\Lib\site-packages\aiogram\dispatcher\router.py", line 159, in _wrapped
    return await self._propagate_event(
           ^^^^^^^^^^^^^^^^^^^^^^^^^^^^
    ...<4 lines>...
    )
    ^
  File "C:\tg bot\.venv\Lib\site-packages\aiogram\dispatcher\router.py", line 187, in _propagate_event
    response = await observer.trigger(event, **kwargs)
               ^^^^^^^^^^^^^^^^^^^^^^^^^^^^^^^^^^^^^^^
  File "C:\tg bot\.venv\Lib\site-packages\aiogram\dispatcher\event\telegram.py", line 126, in trigger
    return await wrapped_inner(event, kwargs)
           ^^^^^^^^^^^^^^^^^^^^^^^^^^^^^^^^^^
  File "C:\tg bot\.venv\Lib\site-packages\aiogram\dispatcher\event\handler.py", line 71, in call
    return await wrapped()
           ^^^^^^^^^^^^^^^
  File "C:\tg bot\app\bot\handlers\reviews.py", line 111, in skip_text
    review = await reviews.create(session, user, order, stars=stars, text=None)
             ^^^^^^^^^^^^^^^^^^^^^^^^^^^^^^^^^^^^^^^^^^^^^^^^^^^^^^^^^^^^^^^^^^
  File "C:\tg bot\app\services\reviews.py", line 157, in create
    await session.flush()
  File "C:\tg bot\.venv\Lib\site-packages\sqlalchemy\ext\asyncio\session.py", line 786, in flush
    await greenlet_spawn(self.sync_session.flush, objects=objects)
  File "C:\tg bot\.venv\Lib\site-packages\sqlalchemy\util\_concurrency_py3k.py", line 203, in greenlet_spawn
    result = context.switch(value)
  File "C:\tg bot\.venv\Lib\site-packages\sqlalchemy\orm\session.py", line 4353, in flush
    self._flush(objects)
    ~~~~~~~~~~~^^^^^^^^^
  File "C:\tg bot\.venv\Lib\site-packages\sqlalchemy\orm\session.py", line 4488, in _flush
    with util.safe_reraise():
         ~~~~~~~~~~~~~~~~~^^
  File "C:\tg bot\.venv\Lib\site-packages\sqlalchemy\util\langhelpers.py", line 122, in __exit__
    raise exc_value.with_traceback(exc_tb)
  File "C:\tg bot\.venv\Lib\site-packages\sqlalchemy\orm\session.py", line 4449, in _flush
    flush_context.execute()
    ~~~~~~~~~~~~~~~~~~~~~^^
  File "C:\tg bot\.venv\Lib\site-packages\sqlalchemy\orm\unitofwork.py", line 465, in execute
    rec.execute(self)
    ~~~~~~~~~~~^^^^^^
  File "C:\tg bot\.venv\Lib\site-packages\sqlalchemy\orm\unitofwork.py", line 641, in execute
    util.preloaded.orm_persistence.save_obj(
    ~~~~~~~~~~~~~~~~~~~~~~~~~~~~~~~~~~~~~~~^
        self.mapper,
        ^^^^^^^^^^^^
        uow.states_for_mapper_hierarchy(self.mapper, False, False),
        ^^^^^^^^^^^^^^^^^^^^^^^^^^^^^^^^^^^^^^^^^^^^^^^^^^^^^^^^^^^
        uow,
        ^^^^
    )
    ^
  File "C:\tg bot\.venv\Lib\site-packages\sqlalchemy\orm\persistence.py", line 94, in save_obj
    _emit_insert_statements(
    ~~~~~~~~~~~~~~~~~~~~~~~^
        base_mapper,
        ^^^^^^^^^^^^
    ...<3 lines>...
        insert,
        ^^^^^^^
    )
    ^
  File "C:\tg bot\.venv\Lib\site-packages\sqlalchemy\orm\persistence.py", line 1234, in _emit_insert_statements
    result = connection.execute(
        statement,
        params,
        execution_options=execution_options,
    )
  File "C:\tg bot\.venv\Lib\site-packages\sqlalchemy\engine\base.py", line 1421, in execute
    return meth(
        self,
        distilled_parameters,
        execution_options or NO_OPTIONS,
    )
  File "C:\tg bot\.venv\Lib\site-packages\sqlalchemy\sql\elements.py", line 526, in _execute_on_connection
    return connection._execute_clauseelement(
           ~~~~~~~~~~~~~~~~~~~~~~~~~~~~~~~~~^
        self, distilled_params, execution_options
        ^^^^^^^^^^^^^^^^^^^^^^^^^^^^^^^^^^^^^^^^^
    )
    ^
  File "C:\tg bot\.venv\Lib\site-packages\sqlalchemy\engine\base.py", line 1643, in _execute_clauseelement
    ret = self._execute_context(
        dialect,
    ...<8 lines>...
        cache_hit=cache_hit,
    )
  File "C:\tg bot\.venv\Lib\site-packages\sqlalchemy\engine\base.py", line 1848, in _execute_context
    return self._exec_single_context(
           ~~~~~~~~~~~~~~~~~~~~~~~~~^
        dialect, context, statement, parameters
        ^^^^^^^^^^^^^^^^^^^^^^^^^^^^^^^^^^^^^^^
    )
    ^
  File "C:\tg bot\.venv\Lib\site-packages\sqlalchemy\engine\base.py", line 1988, in _exec_single_context
    self._handle_dbapi_exception(
    ~~~~~~~~~~~~~~~~~~~~~~~~~~~~^
        e, str_statement, effective_parameters, cursor, context
        ^^^^^^^^^^^^^^^^^^^^^^^^^^^^^^^^^^^^^^^^^^^^^^^^^^^^^^^
    )
    ^
  File "C:\tg bot\.venv\Lib\site-packages\sqlalchemy\engine\base.py", line 2365, in _handle_dbapi_exception
    raise sqlalchemy_exception.with_traceback(exc_info[2]) from e
  File "C:\tg bot\.venv\Lib\site-packages\sqlalchemy\engine\base.py", line 1969, in _exec_single_context
    self.dialect.do_execute(
    ~~~~~~~~~~~~~~~~~~~~~~~^
        cursor, str_statement, effective_parameters, context
        ^^^^^^^^^^^^^^^^^^^^^^^^^^^^^^^^^^^^^^^^^^^^^^^^^^^^
    )
    ^
  File "C:\tg bot\.venv\Lib\site-packages\sqlalchemy\engine\default.py", line 952, in do_execute
    cursor.execute(statement, parameters)
    ~~~~~~~~~~~~~~^^^^^^^^^^^^^^^^^^^^^^^
  File "C:\tg bot\.venv\Lib\site-packages\sqlalchemy\dialects\sqlite\aiosqlite.py", line 213, in execute
    self._adapt_connection._handle_exception(error)
    ~~~~~~~~~~~~~~~~~~~~~~~~~~~~~~~~~~~~~~~~^^^^^^^
  File "C:\tg bot\.venv\Lib\site-packages\sqlalchemy\dialects\sqlite\aiosqlite.py", line 373, in _handle_exception
    raise error
  File "C:\tg bot\.venv\Lib\site-packages\sqlalchemy\dialects\sqlite\aiosqlite.py", line 195, in execute
    self.await_(_cursor.execute(operation, parameters))
    ~~~~~~~~~~~^^^^^^^^^^^^^^^^^^^^^^^^^^^^^^^^^^^^^^^^
  File "C:\tg bot\.venv\Lib\site-packages\sqlalchemy\util\_concurrency_py3k.py", line 132, in await_only
    return current.parent.switch(awaitable)  # type: ignore[no-any-return,attr-defined] # noqa: E501
           ~~~~~~~~~~~~~~~~~~~~~^^^^^^^^^^^
  File "C:\tg bot\.venv\Lib\site-packages\sqlalchemy\util\_concurrency_py3k.py", line 196, in greenlet_spawn
    value = await result
            ^^^^^^^^^^^^
  File "C:\tg bot\.venv\Lib\site-packages\aiosqlite\cursor.py", line 40, in execute
    await self._execute(self._cursor.execute, sql, parameters)
  File "C:\tg bot\.venv\Lib\site-packages\aiosqlite\cursor.py", line 32, in _execute
    return await self._conn._execute(fn, *args, **kwargs)
           ^^^^^^^^^^^^^^^^^^^^^^^^^^^^^^^^^^^^^^^^^^^^^^
  File "C:\tg bot\.venv\Lib\site-packages\aiosqlite\core.py", line 160, in _execute
    return await future
           ^^^^^^^^^^^^
  File "C:\tg bot\.venv\Lib\site-packages\aiosqlite\core.py", line 63, in _connection_worker_thread
    result = function()
sqlalchemy.exc.IntegrityError: (sqlite3.IntegrityError) NOT NULL constraint failed: reviews.text
[SQL: INSERT INTO reviews (user_id, order_id, stars, text, status, image_path, channel_message_id, reject_reason, moderated_by, published_at) VALUES (?, ?, ?, ?, ?, ?, ?, ?, ?, ?) RETURNING id, created_at]
[parameters: (1, 1, 5, None, 'published', None, None, None, None, None)]
(Background on this error at: https://sqlalche.me/e/20/gkpj)
2026-08-20 23:19:47,830 ERROR   events         [system] bot_error user=None IntegrityError: (sqlite3.IntegrityError) NOT NULL constraint failed: reviews.text
[SQL: INSERT INTO reviews (user_id, order_id, stars, text, status, image_path, channel_message_id, reject_reason, moderated_by, published_at) VALUES (?, ?, ?, ?, ?, ?, ?, ?, ?, ?) RETURNING id, created_at]
[parameters: (1, 1, 5, None, 'published', None, None, None, None, None)]
(Background on this error at: https://sqlalche.me/e/20/gkpj)
2026-08-20 23:19:48,218 INFO    aiogram.event  Update id=621125465 is handled. Duration 531 ms by bot id=8838707397
2026-08-20 23:21:04,098 INFO    events         [shop] open user=1 
2026-08-20 23:21:04,311 INFO    aiogram.event  Update id=621125466 is handled. Duration 229 ms by bot id=8838707397
2026-08-20 23:21:05,471 INFO    events         [user] open_profile user=1 
2026-08-20 23:21:05,689 INFO    aiogram.event  Update id=621125467 is handled. Duration 232 ms by bot id=8838707397
2026-08-20 23:21:06,774 INFO    events         [user] open_orders user=1 
2026-08-20 23:21:07,167 INFO    aiogram.event  Update id=621125468 is handled. Duration 414 ms by bot id=8838707397
2026-08-20 23:21:09,018 INFO    aiogram.event  Update id=621125469 is handled. Duration 376 ms by bot id=8838707397
2026-08-20 23:21:10,070 INFO    events         [user] open_accounts user=1 
2026-08-20 23:21:10,490 INFO    aiogram.event  Update id=621125470 is handled. Duration 444 ms by bot id=8838707397
2026-08-20 23:21:11,646 INFO    aiogram.event  Update id=621125471 is handled. Duration 388 ms by bot id=8838707397
2026-08-20 23:21:18,356 WARNING events         [lzt] code_failed user=1 Сессия недействительна (произведен выход или аккаунт заблокирован)
2026-08-20 23:21:18,747 INFO    aiogram.event  Update id=621125472 is handled. Duration 5414 ms by bot id=8838707397
2026-08-20 23:21:25,762 WARNING events         [lzt] code_failed user=1 Сессия недействительна (произведен выход или аккаунт заблокирован)
2026-08-20 23:21:26,238 INFO    aiogram.event  Update id=621125473 is handled. Duration 4571 ms by bot id=8838707397
2026-08-20 23:21:30,360 WARNING events         [lzt] reset_failed user=1 Сессия недействительна (произведен выход или аккаунт заблокирован)
2026-08-20 23:21:30,604 INFO    aiogram.event  Update id=621125474 is handled. Duration 1242 ms by bot id=8838707397
2026-08-20 23:21:33,180 INFO    aiogram.event  Update id=621125475 is handled. Duration 756 ms by bot id=8838707397
2026-08-20 23:21:36,848 INFO    aiogram.event  Update id=621125476 is handled. Duration 1075 ms by bot id=8838707397
2026-08-20 23:22:08,232 INFO    catalog        наличие: IN=9
2026-08-20 23:22:56,089 INFO    aiogram.event  Update id=621125477 is handled. Duration 547 ms by bot id=8838707397
2026-08-20 23:22:57,446 INFO    aiogram.event  Update id=621125478 is handled. Duration 466 ms by bot id=8838707397
2026-08-20 23:22:57,998 ERROR   bot            ошибка обработки апдейта
Traceback (most recent call last):
  File "C:\tg bot\.venv\Lib\site-packages\sqlalchemy\engine\base.py", line 1969, in _exec_single_context
    self.dialect.do_execute(
    ~~~~~~~~~~~~~~~~~~~~~~~^
        cursor, str_statement, effective_parameters, context
        ^^^^^^^^^^^^^^^^^^^^^^^^^^^^^^^^^^^^^^^^^^^^^^^^^^^^
    )
    ^
  File "C:\tg bot\.venv\Lib\site-packages\sqlalchemy\engine\default.py", line 952, in do_execute
    cursor.execute(statement, parameters)
    ~~~~~~~~~~~~~~^^^^^^^^^^^^^^^^^^^^^^^
  File "C:\tg bot\.venv\Lib\site-packages\sqlalchemy\dialects\sqlite\aiosqlite.py", line 213, in execute
    self._adapt_connection._handle_exception(error)
    ~~~~~~~~~~~~~~~~~~~~~~~~~~~~~~~~~~~~~~~~^^^^^^^
  File "C:\tg bot\.venv\Lib\site-packages\sqlalchemy\dialects\sqlite\aiosqlite.py", line 373, in _handle_exception
    raise error
  File "C:\tg bot\.venv\Lib\site-packages\sqlalchemy\dialects\sqlite\aiosqlite.py", line 195, in execute
    self.await_(_cursor.execute(operation, parameters))
    ~~~~~~~~~~~^^^^^^^^^^^^^^^^^^^^^^^^^^^^^^^^^^^^^^^^
  File "C:\tg bot\.venv\Lib\site-packages\sqlalchemy\util\_concurrency_py3k.py", line 132, in await_only
    return current.parent.switch(awaitable)  # type: ignore[no-any-return,attr-defined] # noqa: E501
           ~~~~~~~~~~~~~~~~~~~~~^^^^^^^^^^^
  File "C:\tg bot\.venv\Lib\site-packages\sqlalchemy\util\_concurrency_py3k.py", line 196, in greenlet_spawn
    value = await result
            ^^^^^^^^^^^^
  File "C:\tg bot\.venv\Lib\site-packages\aiosqlite\cursor.py", line 40, in execute
    await self._execute(self._cursor.execute, sql, parameters)
  File "C:\tg bot\.venv\Lib\site-packages\aiosqlite\cursor.py", line 32, in _execute
    return await self._conn._execute(fn, *args, **kwargs)
           ^^^^^^^^^^^^^^^^^^^^^^^^^^^^^^^^^^^^^^^^^^^^^^
  File "C:\tg bot\.venv\Lib\site-packages\aiosqlite\core.py", line 160, in _execute
    return await future
           ^^^^^^^^^^^^
  File "C:\tg bot\.venv\Lib\site-packages\aiosqlite\core.py", line 63, in _connection_worker_thread
    result = function()
sqlite3.IntegrityError: NOT NULL constraint failed: reviews.text

The above exception was the direct cause of the following exception:

Traceback (most recent call last):
  File "C:\tg bot\.venv\Lib\site-packages\aiogram\dispatcher\middlewares\error.py", line 27, in __call__
    return await handler(event, data)
           ^^^^^^^^^^^^^^^^^^^^^^^^^^
  File "C:\tg bot\.venv\Lib\site-packages\aiogram\dispatcher\middlewares\user_context.py", line 58, in __call__
    return await handler(event, data)
           ^^^^^^^^^^^^^^^^^^^^^^^^^^
  File "C:\tg bot\.venv\Lib\site-packages\aiogram\fsm\middleware.py", line 43, in __call__
    return await handler(event, data)
           ^^^^^^^^^^^^^^^^^^^^^^^^^^
  File "C:\tg bot\app\bot\middlewares.py", line 33, in __call__
    return await handler(event, data)
           ^^^^^^^^^^^^^^^^^^^^^^^^^^
  File "C:\tg bot\app\bot\middlewares.py", line 65, in __call__
    return await handler(event, data)
           ^^^^^^^^^^^^^^^^^^^^^^^^^^
  File "C:\tg bot\.venv\Lib\site-packages\aiogram\dispatcher\event\telegram.py", line 126, in trigger
    return await wrapped_inner(event, kwargs)
           ^^^^^^^^^^^^^^^^^^^^^^^^^^^^^^^^^^
  File "C:\tg bot\.venv\Lib\site-packages\aiogram\dispatcher\event\handler.py", line 71, in call
    return await wrapped()
           ^^^^^^^^^^^^^^^
  File "C:\tg bot\.venv\Lib\site-packages\aiogram\dispatcher\dispatcher.py", line 283, in _listen_update
    return await self.propagate_event(update_type=update_type, event=event, **kwargs)
           ^^^^^^^^^^^^^^^^^^^^^^^^^^^^^^^^^^^^^^^^^^^^^^^^^^^^^^^^^^^^^^^^^^^^^^^^^^
  File "C:\tg bot\.venv\Lib\site-packages\aiogram\dispatcher\router.py", line 167, in propagate_event
    return await observer.wrap_outer_middleware(_wrapped, event=event, data=kwargs)
           ^^^^^^^^^^^^^^^^^^^^^^^^^^^^^^^^^^^^^^^^^^^^^^^^^^^^^^^^^^^^^^^^^^^^^^^^
  File "C:\tg bot\.venv\Lib\site-packages\aiogram\dispatcher\router.py", line 159, in _wrapped
    return await self._propagate_event(
           ^^^^^^^^^^^^^^^^^^^^^^^^^^^^
    ...<4 lines>...
    )
    ^
  File "C:\tg bot\.venv\Lib\site-packages\aiogram\dispatcher\router.py", line 195, in _propagate_event
    response = await router.propagate_event(update_type=update_type, event=event, **kwargs)
               ^^^^^^^^^^^^^^^^^^^^^^^^^^^^^^^^^^^^^^^^^^^^^^^^^^^^^^^^^^^^^^^^^^^^^^^^^^^^
  File "C:\tg bot\.venv\Lib\site-packages\aiogram\dispatcher\router.py", line 167, in propagate_event
    return await observer.wrap_outer_middleware(_wrapped, event=event, data=kwargs)
           ^^^^^^^^^^^^^^^^^^^^^^^^^^^^^^^^^^^^^^^^^^^^^^^^^^^^^^^^^^^^^^^^^^^^^^^^
  File "C:\tg bot\.venv\Lib\site-packages\aiogram\dispatcher\router.py", line 159, in _wrapped
    return await self._propagate_event(
           ^^^^^^^^^^^^^^^^^^^^^^^^^^^^
    ...<4 lines>...
    )
    ^
  File "C:\tg bot\.venv\Lib\site-packages\aiogram\dispatcher\router.py", line 187, in _propagate_event
    response = await observer.trigger(event, **kwargs)
               ^^^^^^^^^^^^^^^^^^^^^^^^^^^^^^^^^^^^^^^
  File "C:\tg bot\.venv\Lib\site-packages\aiogram\dispatcher\event\telegram.py", line 126, in trigger
    return await wrapped_inner(event, kwargs)
           ^^^^^^^^^^^^^^^^^^^^^^^^^^^^^^^^^^
  File "C:\tg bot\.venv\Lib\site-packages\aiogram\dispatcher\event\handler.py", line 71, in call
    return await wrapped()
           ^^^^^^^^^^^^^^^
  File "C:\tg bot\app\bot\handlers\reviews.py", line 111, in skip_text
    review = await reviews.create(session, user, order, stars=stars, text=None)
             ^^^^^^^^^^^^^^^^^^^^^^^^^^^^^^^^^^^^^^^^^^^^^^^^^^^^^^^^^^^^^^^^^^
  File "C:\tg bot\app\services\reviews.py", line 157, in create
    await session.flush()
  File "C:\tg bot\.venv\Lib\site-packages\sqlalchemy\ext\asyncio\session.py", line 786, in flush
    await greenlet_spawn(self.sync_session.flush, objects=objects)
  File "C:\tg bot\.venv\Lib\site-packages\sqlalchemy\util\_concurrency_py3k.py", line 203, in greenlet_spawn
    result = context.switch(value)
  File "C:\tg bot\.venv\Lib\site-packages\sqlalchemy\orm\session.py", line 4353, in flush
    self._flush(objects)
    ~~~~~~~~~~~^^^^^^^^^
  File "C:\tg bot\.venv\Lib\site-packages\sqlalchemy\orm\session.py", line 4488, in _flush
    with util.safe_reraise():
         ~~~~~~~~~~~~~~~~~^^
  File "C:\tg bot\.venv\Lib\site-packages\sqlalchemy\util\langhelpers.py", line 122, in __exit__
    raise exc_value.with_traceback(exc_tb)
  File "C:\tg bot\.venv\Lib\site-packages\sqlalchemy\orm\session.py", line 4449, in _flush
    flush_context.execute()
    ~~~~~~~~~~~~~~~~~~~~~^^
  File "C:\tg bot\.venv\Lib\site-packages\sqlalchemy\orm\unitofwork.py", line 465, in execute
    rec.execute(self)
    ~~~~~~~~~~~^^^^^^
  File "C:\tg bot\.venv\Lib\site-packages\sqlalchemy\orm\unitofwork.py", line 641, in execute
    util.preloaded.orm_persistence.save_obj(
    ~~~~~~~~~~~~~~~~~~~~~~~~~~~~~~~~~~~~~~~^
        self.mapper,
        ^^^^^^^^^^^^
        uow.states_for_mapper_hierarchy(self.mapper, False, False),
        ^^^^^^^^^^^^^^^^^^^^^^^^^^^^^^^^^^^^^^^^^^^^^^^^^^^^^^^^^^^
        uow,
        ^^^^
    )
    ^
  File "C:\tg bot\.venv\Lib\site-packages\sqlalchemy\orm\persistence.py", line 94, in save_obj
    _emit_insert_statements(
    ~~~~~~~~~~~~~~~~~~~~~~~^
        base_mapper,
        ^^^^^^^^^^^^
    ...<3 lines>...
        insert,
        ^^^^^^^
    )
    ^
  File "C:\tg bot\.venv\Lib\site-packages\sqlalchemy\orm\persistence.py", line 1234, in _emit_insert_statements
    result = connection.execute(
        statement,
        params,
        execution_options=execution_options,
    )
  File "C:\tg bot\.venv\Lib\site-packages\sqlalchemy\engine\base.py", line 1421, in execute
    return meth(
        self,
        distilled_parameters,
        execution_options or NO_OPTIONS,
    )
  File "C:\tg bot\.venv\Lib\site-packages\sqlalchemy\sql\elements.py", line 526, in _execute_on_connection
    return connection._execute_clauseelement(
           ~~~~~~~~~~~~~~~~~~~~~~~~~~~~~~~~~^
        self, distilled_params, execution_options
        ^^^^^^^^^^^^^^^^^^^^^^^^^^^^^^^^^^^^^^^^^
    )
    ^
  File "C:\tg bot\.venv\Lib\site-packages\sqlalchemy\engine\base.py", line 1643, in _execute_clauseelement
    ret = self._execute_context(
        dialect,
    ...<8 lines>...
        cache_hit=cache_hit,
    )
  File "C:\tg bot\.venv\Lib\site-packages\sqlalchemy\engine\base.py", line 1848, in _execute_context
    return self._exec_single_context(
           ~~~~~~~~~~~~~~~~~~~~~~~~~^
        dialect, context, statement, parameters
        ^^^^^^^^^^^^^^^^^^^^^^^^^^^^^^^^^^^^^^^
    )
    ^
  File "C:\tg bot\.venv\Lib\site-packages\sqlalchemy\engine\base.py", line 1988, in _exec_single_context
    self._handle_dbapi_exception(
    ~~~~~~~~~~~~~~~~~~~~~~~~~~~~^
        e, str_statement, effective_parameters, cursor, context
        ^^^^^^^^^^^^^^^^^^^^^^^^^^^^^^^^^^^^^^^^^^^^^^^^^^^^^^^
    )
    ^
  File "C:\tg bot\.venv\Lib\site-packages\sqlalchemy\engine\base.py", line 2365, in _handle_dbapi_exception
    raise sqlalchemy_exception.with_traceback(exc_info[2]) from e
  File "C:\tg bot\.venv\Lib\site-packages\sqlalchemy\engine\base.py", line 1969, in _exec_single_context
    self.dialect.do_execute(
    ~~~~~~~~~~~~~~~~~~~~~~~^
        cursor, str_statement, effective_parameters, context
        ^^^^^^^^^^^^^^^^^^^^^^^^^^^^^^^^^^^^^^^^^^^^^^^^^^^^
    )
    ^
  File "C:\tg bot\.venv\Lib\site-packages\sqlalchemy\engine\default.py", line 952, in do_execute
    cursor.execute(statement, parameters)
    ~~~~~~~~~~~~~~^^^^^^^^^^^^^^^^^^^^^^^
  File "C:\tg bot\.venv\Lib\site-packages\sqlalchemy\dialects\sqlite\aiosqlite.py", line 213, in execute
    self._adapt_connection._handle_exception(error)
    ~~~~~~~~~~~~~~~~~~~~~~~~~~~~~~~~~~~~~~~~^^^^^^^
  File "C:\tg bot\.venv\Lib\site-packages\sqlalchemy\dialects\sqlite\aiosqlite.py", line 373, in _handle_exception
    raise error
  File "C:\tg bot\.venv\Lib\site-packages\sqlalchemy\dialects\sqlite\aiosqlite.py", line 195, in execute
    self.await_(_cursor.execute(operation, parameters))
    ~~~~~~~~~~~^^^^^^^^^^^^^^^^^^^^^^^^^^^^^^^^^^^^^^^^
  File "C:\tg bot\.venv\Lib\site-packages\sqlalchemy\util\_concurrency_py3k.py", line 132, in await_only
    return current.parent.switch(awaitable)  # type: ignore[no-any-return,attr-defined] # noqa: E501
           ~~~~~~~~~~~~~~~~~~~~~^^^^^^^^^^^
  File "C:\tg bot\.venv\Lib\site-packages\sqlalchemy\util\_concurrency_py3k.py", line 196, in greenlet_spawn
    value = await result
            ^^^^^^^^^^^^
  File "C:\tg bot\.venv\Lib\site-packages\aiosqlite\cursor.py", line 40, in execute
    await self._execute(self._cursor.execute, sql, parameters)
  File "C:\tg bot\.venv\Lib\site-packages\aiosqlite\cursor.py", line 32, in _execute
    return await self._conn._execute(fn, *args, **kwargs)
           ^^^^^^^^^^^^^^^^^^^^^^^^^^^^^^^^^^^^^^^^^^^^^^
  File "C:\tg bot\.venv\Lib\site-packages\aiosqlite\core.py", line 160, in _execute
    return await future
           ^^^^^^^^^^^^
  File "C:\tg bot\.venv\Lib\site-packages\aiosqlite\core.py", line 63, in _connection_worker_thread
    result = function()
sqlalchemy.exc.IntegrityError: (sqlite3.IntegrityError) NOT NULL constraint failed: reviews.text
[SQL: INSERT INTO reviews (user_id, order_id, stars, text, status, image_path, channel_message_id, reject_reason, moderated_by, published_at) VALUES (?, ?, ?, ?, ?, ?, ?, ?, ?, ?) RETURNING id, created_at]
[parameters: (1, 1, 5, None, 'pending', None, None, None, None, None)]
(Background on this error at: https://sqlalche.me/e/20/gkpj)
2026-08-20 23:22:58,044 ERROR   events         [system] bot_error user=None IntegrityError: (sqlite3.IntegrityError) NOT NULL constraint failed: reviews.text
[SQL: INSERT INTO reviews (user_id, order_id, stars, text, status, image_path, channel_message_id, reject_reason, moderated_by, published_at) VALUES (?, ?, ?, ?, ?, ?, ?, ?, ?, ?) RETURNING id, created_at]
[parameters: (1, 1, 5, None, 'pending', None, None, None, None, None)]
(Background on this error at: https://sqlalche.me/e/20/gkpj)
2026-08-20 23:22:58,543 INFO    aiogram.event  Update id=621125479 is handled. Duration 586 ms by bot id=8838707397
2026-08-20 23:28:54,617 INFO    catalog        обновление наличия каждые 180 с
2026-08-20 23:28:54,626 INFO    payments       опрос неоплаченных счетов каждые 25 с
2026-08-20 23:28:54,634 INFO    reviews        публикация отзывов раз в 20 с
2026-08-20 23:28:57,104 INFO    bot            бот @AntarcticShop_Robot (id 8838707397) запущен
2026-08-20 23:28:57,516 INFO    events         [system] bot_started user=None 
2026-08-20 23:28:57,547 INFO    aiogram.dispatcher Start polling
2026-08-20 23:28:57,721 INFO    aiogram.dispatcher Run polling for bot @AntarcticShop_Robot id=8838707397 - 'Antarctic Shop'
2026-08-20 23:28:57,734 INFO    catalog        наличие: IN=8
2026-08-20 23:28:57,968 INFO    events         [user] start user=1 повторный вход
2026-08-20 23:28:59,610 INFO    aiogram.event  Update id=621125482 is handled. Duration 1684 ms by bot id=8838707397
2026-08-20 23:28:59,623 INFO    events         [shop] open user=1 
2026-08-20 23:28:59,991 INFO    aiogram.event  Update id=621125481 is handled. Duration 2076 ms by bot id=8838707397
2026-08-20 23:29:00,054 INFO    events         [user] start user=1 повторный вход
2026-08-20 23:29:00,285 INFO    aiogram.event  Update id=621125483 is handled. Duration 2358 ms by bot id=8838707397
2026-08-20 23:29:00,302 INFO    events         [shop] open user=1 
2026-08-20 23:29:00,534 INFO    aiogram.event  Update id=621125486 is handled. Duration 2597 ms by bot id=8838707397
2026-08-20 23:29:00,542 INFO    events         [shop] open user=1 
2026-08-20 23:29:00,843 INFO    aiogram.event  Update id=621125485 is handled. Duration 2909 ms by bot id=8838707397
2026-08-20 23:29:00,858 INFO    events         [shop] open user=2 
2026-08-20 23:29:01,110 INFO    aiogram.event  Update id=621125487 is handled. Duration 3170 ms by bot id=8838707397
2026-08-20 23:29:01,174 INFO    events         [shop] open user=1 
2026-08-20 23:29:01,567 INFO    aiogram.event  Update id=621125484 is handled. Duration 3635 ms by bot id=8838707397
2026-08-20 23:29:27,364 INFO    aiogram.event  Update id=621125488 is handled. Duration 229 ms by bot id=8838707397
2026-08-20 23:29:47,642 INFO    events         [shop] open user=1 
2026-08-20 23:29:47,864 INFO    aiogram.event  Update id=621125489 is handled. Duration 231 ms by bot id=8838707397
2026-08-20 23:31:59,403 INFO    catalog        наличие: IN=9
2026-08-20 23:34:49,590 INFO    catalog        обновление наличия каждые 180 с
2026-08-20 23:34:49,600 INFO    payments       опрос неоплаченных счетов каждые 25 с
2026-08-20 23:34:49,603 INFO    reviews        публикация отзывов раз в 20 с
2026-08-20 23:34:51,909 INFO    bot            бот @AntarcticShop_Robot (id 8838707397) запущен
2026-08-20 23:34:52,323 INFO    events         [system] bot_started user=None 
2026-08-20 23:34:52,364 INFO    aiogram.dispatcher Start polling
2026-08-20 23:34:52,528 INFO    aiogram.dispatcher Run polling for bot @AntarcticShop_Robot id=8838707397 - 'Antarctic Shop'
2026-08-20 23:34:52,795 INFO    events         [user] open_profile user=1 
2026-08-20 23:34:54,220 INFO    aiogram.event  Update id=621125490 is handled. Duration 1478 ms by bot id=8838707397
2026-08-20 23:34:54,261 INFO    catalog        наличие: IN=11
2026-08-20 23:35:06,515 INFO    events         [user] open_accounts user=1 
2026-08-20 23:35:06,933 INFO    aiogram.event  Update id=621125491 is handled. Duration 435 ms by bot id=8838707397
2026-08-20 23:35:08,103 INFO    aiogram.event  Update id=621125492 is handled. Duration 497 ms by bot id=8838707397
2026-08-20 23:35:09,504 INFO    aiogram.event  Update id=621125493 is handled. Duration 522 ms by bot id=8838707397
2026-08-20 23:35:10,788 INFO    aiogram.event  Update id=621125494 is handled. Duration 386 ms by bot id=8838707397
2026-08-20 23:35:11,739 INFO    events         [review] review_created user=1 5★, Индия +91, на проверку
2026-08-20 23:35:12,138 INFO    aiogram.event  Update id=621125495 is handled. Duration 442 ms by bot id=8838707397
2026-08-20 23:35:31,826 INFO    events         [review] review_published user=1 отзыв 1, 5★, с аватаркой
2026-08-20 23:37:59,123 INFO    catalog        наличие: IN=9
2026-08-20 23:40:24,578 INFO    aiogram.event  Update id=621125496 is handled. Duration 425 ms by bot id=8838707397
2026-08-20 23:41:05,941 INFO    catalog        наличие: IN=8
2026-08-20 23:44:08,039 INFO    catalog        наличие: IN=10
2026-08-20 23:47:13,730 INFO    catalog        наличие: IN=9
2026-08-20 23:50:15,899 INFO    catalog        наличие: IN=10
2026-08-20 23:53:18,308 INFO    catalog        наличие: IN=10
2026-08-20 23:56:20,444 INFO    catalog        наличие: IN=13
2026-08-20 23:59:22,603 INFO    catalog        наличие: IN=13
2026-08-21 00:02:24,569 INFO    catalog        наличие: IN=13
2026-08-21 00:05:26,969 INFO    catalog        наличие: IN=14
2026-08-21 00:08:29,060 INFO    catalog        наличие: IN=16
2026-08-21 00:11:31,128 INFO    catalog        наличие: IN=18
2026-08-21 00:14:43,867 INFO    catalog        наличие: IN=21
2026-08-21 00:17:45,553 INFO    catalog        наличие: IN=16
2026-08-21 00:20:47,709 INFO    catalog        наличие: IN=10
2026-08-21 00:22:14,775 INFO    events         [user] open_profile user=1 
2026-08-21 00:22:15,075 INFO    aiogram.event  Update id=621125497 is handled. Duration 446 ms by bot id=8838707397
2026-08-21 00:22:16,399 INFO    events         [user] open_accounts user=1 
2026-08-21 00:22:17,184 INFO    aiogram.event  Update id=621125498 is handled. Duration 819 ms by bot id=8838707397
2026-08-21 00:22:18,380 INFO    aiogram.event  Update id=621125499 is handled. Duration 518 ms by bot id=8838707397
2026-08-21 00:23:49,569 INFO    catalog        наличие: IN=11
2026-08-21 00:26:52,130 INFO    catalog        наличие: IN=14
2026-08-21 02:24:58,721 INFO    catalog        обновление наличия каждые 180 с
2026-08-21 02:24:58,729 INFO    payments       опрос неоплаченных счетов каждые 25 с
2026-08-21 02:24:58,733 INFO    reviews        публикация отзывов раз в 20 с
2026-08-21 02:25:01,309 INFO    bot            бот @AntarcticShop_Robot (id 8838707397) запущен
2026-08-21 02:25:01,701 INFO    events         [system] bot_started user=None 
2026-08-21 02:25:01,719 INFO    aiogram.dispatcher Start polling
2026-08-21 02:25:01,891 INFO    aiogram.dispatcher Run polling for bot @AntarcticShop_Robot id=8838707397 - 'Antarctic Shop'
2026-08-21 02:25:02,461 INFO    catalog        наличие: IN=19
2026-08-21 02:26:26,836 INFO    events         [review] review_published user=None отзыв 2, 5★, картинкой
2026-08-21 02:28:04,484 INFO    catalog        наличие: IN=19
2026-08-21 11:59:59,645 INFO    catalog        обновление наличия каждые 180 с
2026-08-21 11:59:59,661 INFO    payments       опрос неоплаченных счетов каждые 25 с
2026-08-21 11:59:59,665 INFO    reviews        публикация отзывов раз в 20 с
2026-08-21 12:00:01,836 INFO    bot            бот @AntarcticShop_Robot (id 8838707397) запущен
2026-08-21 12:00:02,212 INFO    events         [system] bot_started user=None 
2026-08-21 12:00:02,253 INFO    aiogram.dispatcher Start polling
2026-08-21 12:00:02,434 INFO    aiogram.dispatcher Run polling for bot @AntarcticShop_Robot id=8838707397 - 'Antarctic Shop'
2026-08-21 12:00:03,254 INFO    catalog        наличие: IN=84
2026-08-21 12:02:04,466 INFO    events         [review] review_published user=None отзыв 3, 1★, картинкой
2026-08-21 12:02:57,772 INFO    events         [shop] open user=1 
2026-08-21 12:02:58,020 INFO    aiogram.event  Update id=621125500 is handled. Duration 289 ms by bot id=8838707397
2026-08-21 12:03:05,268 INFO    catalog        наличие: IN=80
2026-08-21 12:03:29,524 INFO    aiogram.event  Update id=621125501 is handled. Duration 421 ms by bot id=8838707397
2026-08-21 12:03:31,042 INFO    events         [balance] debit user=1 −15 ₽ → 20 ₽ (заказ №2, Индия +91)
2026-08-21 12:03:31,045 INFO    events         [shop] order_created user=1 Индия +91 за 15 ₽ (bot)
2026-08-21 12:03:33,396 WARNING events         [lzt] buy_failed user=1 лот 254442310 за 8 ₽: Аккаунт находится в очереди на автоматическую покупку, попробуйте повторить позднее.
2026-08-21 12:03:41,445 INFO    events         [shop] order_purchased user=1 Индия +91: 9175…05, закуп 9 ₽, маржа 6 ₽
2026-08-21 12:03:41,697 INFO    aiogram.event  Update id=621125502 is handled. Duration 11098 ms by bot id=8838707397
2026-08-21 12:04:01,860 ERROR   aiogram.dispatcher Failed to fetch updates - TelegramNetworkError: HTTP Client says - ServerDisconnectedError: Server disconnected
2026-08-21 12:04:01,866 WARNING aiogram.dispatcher Sleep for 1.000000 seconds and try again... (tryings = 0, bot id = 8838707397)
2026-08-21 12:04:14,936 INFO    aiogram.dispatcher Connection established (tryings = 1, bot id = 8838707397)
2026-08-21 12:04:25,703 INFO    events         [shop] code_issued user=1 9175…05, запрос 1
2026-08-21 12:04:27,549 INFO    aiogram.event  Update id=621125503 is handled. Duration 5030 ms by bot id=8838707397
2026-08-21 12:04:59,698 INFO    aiogram.event  Update id=621125504 is handled. Duration 376 ms by bot id=8838707397
2026-08-21 12:05:01,232 INFO    aiogram.event  Update id=621125505 is handled. Duration 377 ms by bot id=8838707397
2026-08-21 12:05:02,040 INFO    events         [user] open_profile user=1 
2026-08-21 12:05:02,250 INFO    aiogram.event  Update id=621125506 is handled. Duration 232 ms by bot id=8838707397
2026-08-21 12:05:02,629 ERROR   aiogram.dispatcher Failed to fetch updates - TelegramNetworkError: HTTP Client says - ServerDisconnectedError: Server disconnected
2026-08-21 12:05:02,633 WARNING aiogram.dispatcher Sleep for 1.000000 seconds and try again... (tryings = 0, bot id = 8838707397)
2026-08-21 12:05:06,336 INFO    aiogram.dispatcher Connection established (tryings = 1, bot id = 8838707397)
2026-08-21 12:05:06,375 INFO    events         [user] open_accounts user=1 
2026-08-21 12:05:08,025 INFO    aiogram.event  Update id=621125507 is handled. Duration 1684 ms by bot id=8838707397
2026-08-21 12:05:11,341 INFO    aiogram.event  Update id=621125508 is handled. Duration 513 ms by bot id=8838707397
2026-08-21 12:05:14,489 INFO    aiogram.event  Update id=621125509 is handled. Duration 394 ms by bot id=8838707397
2026-08-21 12:05:17,056 INFO    aiogram.event  Update id=621125510 is handled. Duration 401 ms by bot id=8838707397
2026-08-21 12:05:30,607 INFO    events         [review] review_created user=1 5★, Индия +91, на проверку
2026-08-21 12:05:30,813 INFO    aiogram.event  Update id=621125511 is handled. Duration 271 ms by bot id=8838707397
2026-08-21 12:05:47,778 INFO    events         [review] review_published user=1 отзыв 2, 5★, картинкой
2026-08-21 12:06:07,337 INFO    catalog        наличие: IN=79
2026-08-21 12:09:09,273 INFO    catalog        наличие: IN=79
2026-08-21 12:12:11,426 INFO    catalog        наличие: IN=78
2026-08-21 12:13:35,536 ERROR   aiogram.dispatcher Failed to fetch updates - TelegramNetworkError: HTTP Client says - ServerDisconnectedError: Server disconnected
2026-08-21 12:13:35,544 WARNING aiogram.dispatcher Sleep for 1.000000 seconds and try again... (tryings = 0, bot id = 8838707397)
2026-08-21 12:13:49,214 INFO    aiogram.dispatcher Connection established (tryings = 1, bot id = 8838707397)
2026-08-21 12:15:13,718 INFO    catalog        наличие: IN=78
2026-08-21 12:18:15,740 INFO    catalog        наличие: IN=78
2026-08-21 12:18:30,474 ERROR   aiogram.dispatcher Failed to fetch updates - TelegramNetworkError: HTTP Client says - ServerDisconnectedError: Server disconnected
2026-08-21 12:18:30,483 WARNING aiogram.dispatcher Sleep for 1.000000 seconds and try again... (tryings = 0, bot id = 8838707397)
2026-08-21 12:18:38,547 ERROR   aiogram.dispatcher Failed to fetch updates - TelegramNetworkError: HTTP Client says - ServerDisconnectedError: Server disconnected
2026-08-21 12:18:38,565 WARNING aiogram.dispatcher Sleep for 1.276961 seconds and try again... (tryings = 1, bot id = 8838707397)
2026-08-21 12:18:52,010 INFO    aiogram.dispatcher Connection established (tryings = 2, bot id = 8838707397)
2026-08-21 12:19:57,536 ERROR   aiogram.dispatcher Failed to fetch updates - TelegramNetworkError: HTTP Client says - ServerDisconnectedError: Server disconnected
2026-08-21 12:19:57,551 WARNING aiogram.dispatcher Sleep for 1.000000 seconds and try again... (tryings = 0, bot id = 8838707397)
2026-08-21 12:20:11,865 INFO    aiogram.dispatcher Connection established (tryings = 1, bot id = 8838707397)
2026-08-21 12:20:50,010 ERROR   aiogram.dispatcher Failed to fetch updates - TelegramNetworkError: HTTP Client says - ServerDisconnectedError: Server disconnected
2026-08-21 12:20:50,020 WARNING aiogram.dispatcher Sleep for 1.000000 seconds and try again... (tryings = 0, bot id = 8838707397)
2026-08-21 12:20:57,175 ERROR   aiogram.dispatcher Failed to fetch updates - TelegramNetworkError: HTTP Client says - ServerDisconnectedError: Server disconnected
2026-08-21 12:20:57,186 WARNING aiogram.dispatcher Sleep for 1.153854 seconds and try again... (tryings = 1, bot id = 8838707397)
2026-08-21 12:21:09,747 INFO    aiogram.dispatcher Connection established (tryings = 2, bot id = 8838707397)
2026-08-21 12:21:17,605 INFO    catalog        наличие: IN=72
2026-08-21 12:22:01,871 ERROR   aiogram.dispatcher Failed to fetch updates - TelegramNetworkError: HTTP Client says - ServerDisconnectedError: Server disconnected
2026-08-21 12:22:01,896 WARNING aiogram.dispatcher Sleep for 1.000000 seconds and try again... (tryings = 0, bot id = 8838707397)
2026-08-21 12:22:14,919 INFO    aiogram.dispatcher Connection established (tryings = 1, bot id = 8838707397)
2026-08-21 12:22:43,405 ERROR   aiogram.dispatcher Failed to fetch updates - TelegramNetworkError: HTTP Client says - ServerDisconnectedError: Server disconnected
2026-08-21 12:22:43,441 WARNING aiogram.dispatcher Sleep for 1.000000 seconds and try again... (tryings = 0, bot id = 8838707397)
2026-08-21 12:22:57,147 INFO    aiogram.dispatcher Connection established (tryings = 1, bot id = 8838707397)
2026-08-21 12:24:19,485 INFO    catalog        наличие: IN=75
2026-08-21 12:26:45,500 ERROR   aiogram.dispatcher Failed to fetch updates - TelegramNetworkError: HTTP Client says - ServerDisconnectedError: Server disconnected
2026-08-21 12:26:45,506 WARNING aiogram.dispatcher Sleep for 1.000000 seconds and try again... (tryings = 0, bot id = 8838707397)
2026-08-21 12:26:53,207 ERROR   aiogram.dispatcher Failed to fetch updates - TelegramNetworkError: HTTP Client says - ServerDisconnectedError: Server disconnected
2026-08-21 12:26:53,212 WARNING aiogram.dispatcher Sleep for 1.342039 seconds and try again... (tryings = 1, bot id = 8838707397)
2026-08-21 12:27:06,265 INFO    aiogram.dispatcher Connection established (tryings = 2, bot id = 8838707397)
2026-08-21 12:27:21,410 INFO    catalog        наличие: IN=77
2026-08-21 12:30:23,456 INFO    catalog        наличие: IN=77
2026-08-21 12:32:19,034 ERROR   aiogram.dispatcher Failed to fetch updates - TelegramNetworkError: HTTP Client says - ServerDisconnectedError: Server disconnected
2026-08-21 12:32:19,047 WARNING aiogram.dispatcher Sleep for 1.000000 seconds and try again... (tryings = 0, bot id = 8838707397)
2026-08-21 12:32:32,086 INFO    aiogram.dispatcher Connection established (tryings = 1, bot id = 8838707397)
2026-08-21 12:33:25,461 INFO    catalog        наличие: IN=77
2026-08-21 12:33:59,720 ERROR   aiogram.dispatcher Failed to fetch updates - TelegramNetworkError: HTTP Client says - ServerDisconnectedError: Server disconnected
2026-08-21 12:33:59,748 WARNING aiogram.dispatcher Sleep for 1.000000 seconds and try again... (tryings = 0, bot id = 8838707397)
2026-08-21 12:34:05,065 ERROR   aiogram.dispatcher Failed to fetch updates - TelegramNetworkError: HTTP Client says - ClientOSError: 
2026-08-21 12:34:05,066 WARNING aiogram.dispatcher Sleep for 1.162138 seconds and try again... (tryings = 1, bot id = 8838707397)
2026-08-21 12:34:17,634 INFO    aiogram.dispatcher Connection established (tryings = 2, bot id = 8838707397)
2026-08-21 12:35:02,699 ERROR   aiogram.dispatcher Failed to fetch updates - TelegramNetworkError: HTTP Client says - ServerDisconnectedError: Server disconnected
2026-08-21 12:35:02,713 WARNING aiogram.dispatcher Sleep for 1.000000 seconds and try again... (tryings = 0, bot id = 8838707397)
2026-08-21 12:35:09,733 ERROR   aiogram.dispatcher Failed to fetch updates - TelegramNetworkError: HTTP Client says - ServerDisconnectedError: Server disconnected
2026-08-21 12:35:09,738 WARNING aiogram.dispatcher Sleep for 1.204440 seconds and try again... (tryings = 1, bot id = 8838707397)
2026-08-21 12:35:23,259 INFO    aiogram.dispatcher Connection established (tryings = 2, bot id = 8838707397)
2026-08-21 12:36:27,369 INFO    catalog        наличие: IN=77
2026-08-21 12:37:19,934 ERROR   aiogram.dispatcher Failed to fetch updates - TelegramNetworkError: HTTP Client says - ServerDisconnectedError: Server disconnected
2026-08-21 12:37:19,957 WARNING aiogram.dispatcher Sleep for 1.000000 seconds and try again... (tryings = 0, bot id = 8838707397)
2026-08-21 12:37:32,992 INFO    aiogram.dispatcher Connection established (tryings = 1, bot id = 8838707397)
2026-08-21 12:39:29,430 INFO    catalog        наличие: IN=78
2026-08-21 12:42:20,823 ERROR   aiogram.dispatcher Failed to fetch updates - TelegramNetworkError: HTTP Client says - ServerDisconnectedError: Server disconnected
2026-08-21 12:42:20,830 WARNING aiogram.dispatcher Sleep for 1.000000 seconds and try again... (tryings = 0, bot id = 8838707397)
2026-08-21 12:42:31,481 INFO    catalog        наличие: IN=77
2026-08-21 12:42:33,874 INFO    aiogram.dispatcher Connection established (tryings = 1, bot id = 8838707397)
2026-08-21 12:45:33,558 INFO    catalog        наличие: IN=77
2026-08-21 12:47:21,676 ERROR   aiogram.dispatcher Failed to fetch updates - TelegramNetworkError: HTTP Client says - ServerDisconnectedError: Server disconnected
2026-08-21 12:47:21,683 WARNING aiogram.dispatcher Sleep for 1.000000 seconds and try again... (tryings = 0, bot id = 8838707397)
2026-08-21 12:47:35,407 INFO    aiogram.dispatcher Connection established (tryings = 1, bot id = 8838707397)
2026-08-21 12:48:35,485 INFO    catalog        наличие: IN=77
2026-08-21 12:51:37,730 INFO    catalog        наличие: IN=78
2026-08-21 12:52:22,576 ERROR   aiogram.dispatcher Failed to fetch updates - TelegramNetworkError: HTTP Client says - ServerDisconnectedError: Server disconnected
2026-08-21 12:52:22,583 WARNING aiogram.dispatcher Sleep for 1.000000 seconds and try again... (tryings = 0, bot id = 8838707397)
2026-08-21 12:52:36,257 INFO    aiogram.dispatcher Connection established (tryings = 1, bot id = 8838707397)
2026-08-21 12:54:39,629 INFO    catalog        наличие: IN=79
2026-08-21 12:55:07,609 ERROR   aiogram.dispatcher Failed to fetch updates - TelegramNetworkError: HTTP Client says - ServerDisconnectedError: Server disconnected
2026-08-21 12:55:07,653 WARNING aiogram.dispatcher Sleep for 1.000000 seconds and try again... (tryings = 0, bot id = 8838707397)
2026-08-21 12:55:13,031 ERROR   aiogram.dispatcher Failed to fetch updates - TelegramNetworkError: HTTP Client says - ServerDisconnectedError: Server disconnected
2026-08-21 12:55:13,052 WARNING aiogram.dispatcher Sleep for 1.225464 seconds and try again... (tryings = 1, bot id = 8838707397)
2026-08-21 12:55:17,008 ERROR   aiogram.dispatcher Failed to fetch updates - TelegramNetworkError: HTTP Client says - ServerDisconnectedError: Server disconnected
2026-08-21 12:55:17,010 WARNING aiogram.dispatcher Sleep for 1.584047 seconds and try again... (tryings = 2, bot id = 8838707397)
2026-08-21 12:55:30,013 INFO    aiogram.dispatcher Connection established (tryings = 3, bot id = 8838707397)
2026-08-21 17:21:10,579 INFO    catalog        обновление наличия каждые 180 с
2026-08-21 17:21:10,592 INFO    payments       опрос неоплаченных счетов каждые 25 с
2026-08-21 17:21:10,596 INFO    reviews        публикация отзывов раз в 20 с
2026-08-21 17:21:13,131 INFO    bot            бот @AntarcticShop_Robot (id 8838707397) запущен
2026-08-21 17:21:13,480 INFO    events         [system] bot_started user=None 
2026-08-21 17:21:13,503 INFO    aiogram.dispatcher Start polling
2026-08-21 17:21:13,669 INFO    aiogram.dispatcher Run polling for bot @AntarcticShop_Robot id=8838707397 - 'Antarctic Shop'
2026-08-21 17:21:15,460 INFO    catalog        наличие: IN=11
2026-08-21 21:18:30,724 INFO    catalog        обновление наличия каждые 180 с
2026-08-21 21:18:30,737 INFO    payments       опрос неоплаченных счетов каждые 25 с
2026-08-21 21:18:30,741 INFO    reviews        публикация отзывов раз в 20 с
2026-08-21 21:18:32,918 INFO    bot.broadcasts очередь рассылок запущена, восстановлено строк: 0
2026-08-21 21:18:34,550 INFO    bot            бот @AntarcticShop_Robot (id 8838707397) запущен
2026-08-21 21:18:34,648 INFO    catalog        наличие: IN=4
2026-08-21 21:18:34,916 INFO    events         [system] bot_started user=None 
2026-08-21 21:18:34,943 INFO    aiogram.dispatcher Start polling
2026-08-21 21:18:35,468 INFO    aiogram.dispatcher Run polling for bot @AntarcticShop_Robot id=8838707397 - 'Antarctic Shop'
2026-08-21 21:18:35,719 INFO    events         [shop] open user=1 
2026-08-21 21:18:37,274 INFO    aiogram.event  Update id=621125512 is handled. Duration 1600 ms by bot id=8838707397
2026-08-21 21:21:37,921 INFO    catalog        наличие: IN=5
2026-08-21 21:45:20,980 INFO    catalog        обновление наличия каждые 180 с
2026-08-21 21:45:20,987 INFO    payments       опрос неоплаченных счетов каждые 25 с
2026-08-21 21:45:20,993 INFO    reviews        публикация отзывов раз в 20 с
2026-08-21 21:45:22,537 INFO    bot.broadcasts очередь рассылок запущена, восстановлено строк: 0
2026-08-21 21:45:23,502 INFO    bot            бот @AntarcticShop_Robot (id 8838707397) запущен
2026-08-21 21:45:24,412 INFO    catalog        наличие: IN=9
2026-08-21 21:45:24,562 INFO    events         [system] bot_started user=None 
2026-08-21 21:45:24,585 INFO    aiogram.dispatcher Start polling
2026-08-21 21:45:24,753 INFO    aiogram.dispatcher Run polling for bot @AntarcticShop_Robot id=8838707397 - 'Antarctic Shop'
2026-08-21 21:47:32,717 INFO    events         [broadcast] broadcast_finished user=None рассылка 1: доставлено 2, не дошло 0, блок 1
2026-08-21 21:48:26,826 INFO    catalog        наличие: IN=10
2026-08-21 21:51:28,620 INFO    catalog        наличие: IN=11
2026-08-21 21:54:30,526 INFO    catalog        наличие: IN=11
2026-08-21 21:57:32,306 INFO    catalog        наличие: IN=12
2026-08-21 22:00:34,452 INFO    catalog        наличие: IN=12
2026-08-21 22:03:36,752 INFO    catalog        наличие: IN=12
2026-08-21 22:06:39,100 INFO    catalog        наличие: IN=12
2026-08-21 22:09:41,031 INFO    catalog        наличие: IN=12
2026-08-21 22:12:42,744 INFO    catalog        наличие: IN=13
2026-08-21 22:15:44,823 INFO    catalog        наличие: IN=13
2026-08-21 22:18:46,539 INFO    catalog        наличие: IN=14
2026-08-21 22:21:48,702 INFO    catalog        наличие: IN=14
2026-08-21 22:24:50,719 INFO    catalog        наличие: IN=14
2026-08-21 22:27:52,535 INFO    catalog        наличие: IN=15
2026-08-21 22:30:54,287 INFO    catalog        наличие: IN=13
2026-08-21 22:33:56,154 INFO    catalog        наличие: IN=13
2026-08-21 22:36:58,483 INFO    catalog        наличие: IN=13
2026-08-21 22:40:00,539 INFO    catalog        наличие: IN=13
2026-08-21 22:43:02,373 INFO    catalog        наличие: IN=11
2026-08-21 22:46:04,069 INFO    catalog        наличие: IN=10
2026-08-21 22:49:05,869 INFO    catalog        наличие: IN=9
2026-08-21 22:52:07,750 INFO    catalog        наличие: IN=8
2026-08-21 22:55:09,888 INFO    catalog        наличие: IN=10
2026-08-21 22:58:11,905 INFO    catalog        наличие: IN=8
2026-08-21 23:01:13,620 INFO    catalog        наличие: IN=9
2026-08-22 18:42:37,202 INFO    catalog        обновление наличия каждые 180 с
2026-08-22 18:42:37,215 INFO    payments       опрос неоплаченных счетов каждые 25 с
2026-08-22 18:42:37,221 INFO    reviews        публикация отзывов раз в 20 с
2026-08-22 18:42:38,536 INFO    bot.broadcasts очередь рассылок запущена, восстановлено строк: 0
2026-08-22 18:42:39,647 INFO    catalog        наличие: IN=2
2026-08-22 18:42:39,956 WARNING bot            проверка токена: связь оборвалась (1/5) — HTTP Client says - ClientOSError: [Errno 22] Couldn't connect to proxy 185.82.127.17:50119 [Удаленный компьютер отклонил это сетевое подключение]
2026-08-22 18:42:44,152 WARNING bot            проверка токена: связь оборвалась (2/5) — HTTP Client says - ClientOSError: [Errno 22] Couldn't connect to proxy 185.82.127.17:50119 [Удаленный компьютер отклонил это сетевое подключение]
2026-08-22 18:54:52,330 INFO    catalog        обновление наличия каждые 180 с
2026-08-22 18:54:52,337 INFO    payments       опрос неоплаченных счетов каждые 25 с
2026-08-22 18:54:52,341 INFO    reviews        публикация отзывов раз в 20 с
2026-08-22 18:54:53,516 INFO    bot.broadcasts очередь рассылок запущена, восстановлено строк: 1
2026-08-22 18:54:55,201 WARNING bot            проверка токена: связь оборвалась (1/5) — HTTP Client says - ClientOSError: [Errno 22] Couldn't connect to proxy 196.18.13.244:8000 [Удаленный компьютер отклонил это сетевое подключение]
2026-08-22 18:54:57,099 INFO    catalog        наличие: IN=3
2026-08-22 18:54:59,586 WARNING bot            проверка токена: связь оборвалась (2/5) — HTTP Client says - ClientOSError: [Errno 22] Couldn't connect to proxy 196.18.13.244:8000 [Удаленный компьютер отклонил это сетевое подключение]
2026-08-22 18:55:05,456 WARNING bot            проверка токена: связь оборвалась (3/5) — HTTP Client says - ClientOSError: [Errno 22] Couldn't connect to proxy 196.18.13.244:8000 [Удаленный компьютер отклонил это сетевое подключение]
2026-08-22 18:55:12,826 WARNING bot            проверка токена: связь оборвалась (4/5) — HTTP Client says - ClientOSError: [Errno 22] Couldn't connect to proxy 196.18.13.244:8000 [Удаленный компьютер отклонил это сетевое подключение]
2026-08-22 21:42:42,920 INFO    catalog        обновление наличия каждые 180 с
2026-08-22 21:42:42,936 INFO    payments       опрос неоплаченных счетов каждые 25 с
2026-08-22 21:42:42,940 INFO    reviews        публикация отзывов раз в 20 с
2026-08-22 21:42:46,168 INFO    bot.broadcasts очередь рассылок запущена, восстановлено строк: 0
2026-08-22 21:42:47,492 INFO    catalog        наличие: IN=13
2026-08-22 21:42:49,513 INFO    bot            бот @AntarcticShop_Robot (id 8838707397) запущен
2026-08-22 21:42:51,039 INFO    events         [system] bot_started user=None 
2026-08-22 21:42:51,063 INFO    aiogram.dispatcher Start polling
2026-08-22 21:42:51,784 INFO    aiogram.dispatcher Run polling for bot @AntarcticShop_Robot id=8838707397 - 'Antarctic Shop'
2026-08-22 21:42:52,449 INFO    events         [broadcast] broadcast_finished user=None рассылка 2: доставлено 2, не дошло 0, блок 1
2026-08-22 21:42:52,555 INFO    events         [shop] open user=1 
2026-08-22 21:42:59,590 INFO    aiogram.event  Update id=621125513 is handled. Duration 7074 ms by bot id=8838707397
2026-08-22 21:42:59,608 INFO    events         [shop] open user=1 
2026-08-22 21:43:00,210 INFO    aiogram.event  Update id=621125514 is handled. Duration 619 ms by bot id=8838707397
2026-08-22 21:43:08,659 INFO    aiogram.event  Update id=621125515 is handled. Duration 4376 ms by bot id=8838707397
2026-08-22 21:43:11,773 INFO    aiogram.event  Update id=621125516 is handled. Duration 1447 ms by bot id=8838707397
2026-08-22 21:43:15,088 INFO    events         [user] start user=1 повторный вход
2026-08-22 21:43:18,056 INFO    aiogram.event  Update id=621125517 is handled. Duration 2979 ms by bot id=8838707397
2026-08-22 21:43:28,209 INFO    events         [payment] open user=1 
2026-08-22 21:43:36,852 INFO    aiogram.event  Update id=621125518 is handled. Duration 8654 ms by bot id=8838707397
2026-08-22 21:43:42,740 INFO    aiogram.event  Update id=621125519 is handled. Duration 601 ms by bot id=8838707397
2026-08-22 21:43:48,129 INFO    aiogram.event  Update id=621125520 is handled. Duration 726 ms by bot id=8838707397
2026-08-22 21:43:51,710 INFO    aiogram.event  Update id=621125521 is handled. Duration 2303 ms by bot id=8838707397
2026-08-22 21:43:55,091 INFO    events         [payment] invoice_created user=1 Crypto Bot · 50 ₽ · 50 ₽
2026-08-22 21:43:56,760 INFO    aiogram.event  Update id=621125522 is handled. Duration 4617 ms by bot id=8838707397
2026-08-22 21:43:58,769 INFO    events         [payment] expired user=1 Crypto Bot · 50 ₽
2026-08-22 21:44:00,194 INFO    aiogram.event  Update id=621125523 is handled. Duration 1690 ms by bot id=8838707397
2026-08-22 21:44:02,792 INFO    aiogram.event  Update id=621125524 is handled. Duration 810 ms by bot id=8838707397
2026-08-22 21:44:07,100 INFO    aiogram.event  Update id=621125525 is handled. Duration 844 ms by bot id=8838707397
2026-08-22 21:44:10,161 INFO    events         [user] open_profile user=1 
2026-08-22 21:44:25,480 INFO    events         [user] open_profile user=1 
2026-08-22 21:44:29,945 INFO    events         [support] open user=1 
2026-08-22 21:44:31,847 INFO    events         [earn] open user=1 
2026-08-22 21:44:33,972 INFO    events         [earn] open user=1 
2026-08-22 21:44:34,520 INFO    events         [earn] open user=1 
2026-08-22 21:44:35,259 INFO    aiogram.event  Update id=621125529 is handled. Duration 3441 ms by bot id=8838707397
2026-08-22 21:44:36,514 INFO    aiogram.event  Update id=621125528 is handled. Duration 6595 ms by bot id=8838707397
2026-08-22 21:44:37,311 INFO    aiogram.event  Update id=621125530 is handled. Duration 3368 ms by bot id=8838707397
2026-08-22 21:44:38,014 INFO    aiogram.event  Update id=621125531 is handled. Duration 3522 ms by bot id=8838707397
2026-08-22 21:44:40,540 INFO    events         [user] open_profile user=1 
2026-08-22 21:44:43,396 INFO    aiogram.event  Update id=621125532 is handled. Duration 2881 ms by bot id=8838707397
2026-08-22 21:44:49,915 INFO    events         [referral] open user=1 
2026-08-22 21:44:51,606 INFO    aiogram.event  Update id=621125533 is handled. Duration 1738 ms by bot id=8838707397
2026-08-22 21:44:53,975 INFO    aiogram.event  Update id=621125534 is handled. Duration 1370 ms by bot id=8838707397
2026-08-22 21:44:54,474 INFO    events         [user] open_accounts user=1 
2026-08-22 21:44:56,069 INFO    aiogram.event  Update id=621125535 is handled. Duration 1630 ms by bot id=8838707397
2026-08-22 21:44:57,801 INFO    aiogram.event  Update id=621125536 is handled. Duration 1446 ms by bot id=8838707397
2026-08-22 21:45:01,614 INFO    aiogram.event  Update id=621125537 is handled. Duration 1463 ms by bot id=8838707397
2026-08-22 21:45:04,383 INFO    aiogram.event  Update id=621125538 is handled. Duration 1682 ms by bot id=8838707397
2026-08-22 21:45:06,456 INFO    aiogram.event  Update id=621125539 is handled. Duration 1214 ms by bot id=8838707397
2026-08-22 21:45:06,837 INFO    events         [shop] open user=1 
2026-08-22 21:45:07,472 INFO    aiogram.event  Update id=621125540 is handled. Duration 646 ms by bot id=8838707397
2026-08-22 21:45:10,512 INFO    events         [shop] open user=1 
2026-08-22 21:45:10,651 ERROR   bot            ошибка обработки апдейта
Traceback (most recent call last):
  File "C:\tg bot\.venv\Lib\site-packages\aiohttp\client_reqrep.py", line 558, in start
    message, payload = await protocol.read()  # type: ignore[union-attr]
                       ^^^^^^^^^^^^^^^^^^^^^
  File "C:\tg bot\.venv\Lib\site-packages\aiohttp\streams.py", line 705, in read
    await self._waiter
asyncio.exceptions.CancelledError

The above exception was the direct cause of the following exception:

Traceback (most recent call last):
  File "C:\tg bot\.venv\Lib\site-packages\aiogram\client\session\aiohttp.py", line 167, in make_request
    async with session.post(
               ~~~~~~~~~~~~^
        url,
        ^^^^
        data=form,
        ^^^^^^^^^^
        timeout=self.timeout if timeout is None else timeout,
        ^^^^^^^^^^^^^^^^^^^^^^^^^^^^^^^^^^^^^^^^^^^^^^^^^^^^^
    ) as resp:
    ^
  File "C:\tg bot\.venv\Lib\site-packages\aiohttp\client.py", line 1693, in __aenter__
    self._resp: _RetType_co = await self._coro
                              ^^^^^^^^^^^^^^^^
  File "C:\tg bot\.venv\Lib\site-packages\aiohttp\client.py", line 858, in _request
    resp = await handler(req)
           ^^^^^^^^^^^^^^^^^^
  File "C:\tg bot\.venv\Lib\site-packages\aiohttp\client.py", line 836, in _connect_and_send_request
    await resp.start(conn)
  File "C:\tg bot\.venv\Lib\site-packages\aiohttp\client_reqrep.py", line 553, in start
    with self._timer:
         ^^^^^^^^^^^
  File "C:\tg bot\.venv\Lib\site-packages\aiohttp\helpers.py", line 759, in __exit__
    raise asyncio.TimeoutError from exc_val
TimeoutError

The above exception was the direct cause of the following exception:

Traceback (most recent call last):
  File "C:\tg bot\.venv\Lib\site-packages\aiogram\dispatcher\middlewares\error.py", line 27, in __call__
    return await handler(event, data)
           ^^^^^^^^^^^^^^^^^^^^^^^^^^
  File "C:\tg bot\.venv\Lib\site-packages\aiogram\dispatcher\middlewares\user_context.py", line 58, in __call__
    return await handler(event, data)
           ^^^^^^^^^^^^^^^^^^^^^^^^^^
  File "C:\tg bot\.venv\Lib\site-packages\aiogram\fsm\middleware.py", line 43, in __call__
    return await handler(event, data)
           ^^^^^^^^^^^^^^^^^^^^^^^^^^
  File "C:\tg bot\app\bot\middlewares.py", line 35, in __call__
    return await handler(event, data)
           ^^^^^^^^^^^^^^^^^^^^^^^^^^
  File "C:\tg bot\app\bot\middlewares.py", line 74, in __call__
    return await handler(event, data)
           ^^^^^^^^^^^^^^^^^^^^^^^^^^
  File "C:\tg bot\.venv\Lib\site-packages\aiogram\dispatcher\event\telegram.py", line 126, in trigger
    return await wrapped_inner(event, kwargs)
           ^^^^^^^^^^^^^^^^^^^^^^^^^^^^^^^^^^
  File "C:\tg bot\.venv\Lib\site-packages\aiogram\dispatcher\event\handler.py", line 71, in call
    return await wrapped()
           ^^^^^^^^^^^^^^^
  File "C:\tg bot\.venv\Lib\site-packages\aiogram\dispatcher\dispatcher.py", line 283, in _listen_update
    return await self.propagate_event(update_type=update_type, event=event, **kwargs)
           ^^^^^^^^^^^^^^^^^^^^^^^^^^^^^^^^^^^^^^^^^^^^^^^^^^^^^^^^^^^^^^^^^^^^^^^^^^
  File "C:\tg bot\.venv\Lib\site-packages\aiogram\dispatcher\router.py", line 167, in propagate_event
    return await observer.wrap_outer_middleware(_wrapped, event=event, data=kwargs)
           ^^^^^^^^^^^^^^^^^^^^^^^^^^^^^^^^^^^^^^^^^^^^^^^^^^^^^^^^^^^^^^^^^^^^^^^^
  File "C:\tg bot\app\bot\middlewares.py", line 92, in __call__
    return await handler(event, data)
           ^^^^^^^^^^^^^^^^^^^^^^^^^^
  File "C:\tg bot\.venv\Lib\site-packages\aiogram\dispatcher\router.py", line 159, in _wrapped
    return await self._propagate_event(
           ^^^^^^^^^^^^^^^^^^^^^^^^^^^^
    ...<4 lines>...
    )
    ^
  File "C:\tg bot\.venv\Lib\site-packages\aiogram\dispatcher\router.py", line 195, in _propagate_event
    response = await router.propagate_event(update_type=update_type, event=event, **kwargs)
               ^^^^^^^^^^^^^^^^^^^^^^^^^^^^^^^^^^^^^^^^^^^^^^^^^^^^^^^^^^^^^^^^^^^^^^^^^^^^
  File "C:\tg bot\.venv\Lib\site-packages\aiogram\dispatcher\router.py", line 167, in propagate_event
    return await observer.wrap_outer_middleware(_wrapped, event=event, data=kwargs)
           ^^^^^^^^^^^^^^^^^^^^^^^^^^^^^^^^^^^^^^^^^^^^^^^^^^^^^^^^^^^^^^^^^^^^^^^^
  File "C:\tg bot\.venv\Lib\site-packages\aiogram\dispatcher\router.py", line 159, in _wrapped
    return await self._propagate_event(
           ^^^^^^^^^^^^^^^^^^^^^^^^^^^^
    ...<4 lines>...
    )
    ^
  File "C:\tg bot\.venv\Lib\site-packages\aiogram\dispatcher\router.py", line 187, in _propagate_event
    response = await observer.trigger(event, **kwargs)
               ^^^^^^^^^^^^^^^^^^^^^^^^^^^^^^^^^^^^^^^
  File "C:\tg bot\.venv\Lib\site-packages\aiogram\dispatcher\event\telegram.py", line 126, in trigger
    return await wrapped_inner(event, kwargs)
           ^^^^^^^^^^^^^^^^^^^^^^^^^^^^^^^^^^
  File "C:\tg bot\.venv\Lib\site-packages\aiogram\dispatcher\event\handler.py", line 71, in call
    return await wrapped()
           ^^^^^^^^^^^^^^^
  File "C:\tg bot\app\bot\handlers\profile.py", line 40, in open_profile
    await common.answer_photo(message, assets.PROFILE, _screen(user), keyboards.profile_menu())
  File "C:\tg bot\app\bot\common.py", line 83, in answer_photo
    sent = await message.answer_photo(
           ^^^^^^^^^^^^^^^^^^^^^^^^^^^
        _photo_input(photo), caption=caption, reply_markup=keyboard, **kw
        ^^^^^^^^^^^^^^^^^^^^^^^^^^^^^^^^^^^^^^^^^^^^^^^^^^^^^^^^^^^^^^^^^
    )
    ^
  File "C:\tg bot\.venv\Lib\site-packages\aiogram\methods\base.py", line 82, in emit
    return await bot(self)
           ^^^^^^^^^^^^^^^
  File "C:\tg bot\.venv\Lib\site-packages\aiogram\client\bot.py", line 514, in __call__
    return await self.session(self, method, timeout=request_timeout)
           ^^^^^^^^^^^^^^^^^^^^^^^^^^^^^^^^^^^^^^^^^^^^^^^^^^^^^^^^^
  File "C:\tg bot\.venv\Lib\site-packages\aiogram\client\session\base.py", line 259, in __call__
    return cast(TelegramType, await middleware(bot, method))
                              ^^^^^^^^^^^^^^^^^^^^^^^^^^^^^
  File "C:\tg bot\.venv\Lib\site-packages\aiogram\client\session\aiohttp.py", line 174, in make_request
    raise TelegramNetworkError(method=method, message="Request timeout error") from e
aiogram.exceptions.TelegramNetworkError: HTTP Client says - Request timeout error
2026-08-22 21:45:10,721 ERROR   events         [system] bot_error user=None TelegramNetworkError: HTTP Client says - Request timeout error
2026-08-22 21:45:11,115 INFO    aiogram.event  Update id=621125541 is handled. Duration 615 ms by bot id=8838707397
2026-08-22 21:45:11,309 INFO    aiogram.event  Update id=621125526 is handled. Duration 61161 ms by bot id=8838707397
2026-08-22 21:45:13,874 INFO    aiogram.event  Update id=621125542 is handled. Duration 1161 ms by bot id=8838707397
2026-08-22 21:45:16,722 INFO    aiogram.event  Update id=621125543 is handled. Duration 1240 ms by bot id=8838707397
2026-08-22 21:45:24,085 INFO    aiogram.event  Update id=621125544 is handled. Duration 1501 ms by bot id=8838707397
2026-08-22 21:45:25,651 ERROR   bot            ошибка обработки апдейта
Traceback (most recent call last):
  File "C:\tg bot\.venv\Lib\site-packages\aiohttp\client_reqrep.py", line 558, in start
    message, payload = await protocol.read()  # type: ignore[union-attr]
                       ^^^^^^^^^^^^^^^^^^^^^
  File "C:\tg bot\.venv\Lib\site-packages\aiohttp\streams.py", line 705, in read
    await self._waiter
asyncio.exceptions.CancelledError

The above exception was the direct cause of the following exception:

Traceback (most recent call last):
  File "C:\tg bot\.venv\Lib\site-packages\aiogram\client\session\aiohttp.py", line 167, in make_request
    async with session.post(
               ~~~~~~~~~~~~^
        url,
        ^^^^
        data=form,
        ^^^^^^^^^^
        timeout=self.timeout if timeout is None else timeout,
        ^^^^^^^^^^^^^^^^^^^^^^^^^^^^^^^^^^^^^^^^^^^^^^^^^^^^^
    ) as resp:
    ^
  File "C:\tg bot\.venv\Lib\site-packages\aiohttp\client.py", line 1693, in __aenter__
    self._resp: _RetType_co = await self._coro
                              ^^^^^^^^^^^^^^^^
  File "C:\tg bot\.venv\Lib\site-packages\aiohttp\client.py", line 858, in _request
    resp = await handler(req)
           ^^^^^^^^^^^^^^^^^^
  File "C:\tg bot\.venv\Lib\site-packages\aiohttp\client.py", line 836, in _connect_and_send_request
    await resp.start(conn)
  File "C:\tg bot\.venv\Lib\site-packages\aiohttp\client_reqrep.py", line 553, in start
    with self._timer:
         ^^^^^^^^^^^
  File "C:\tg bot\.venv\Lib\site-packages\aiohttp\helpers.py", line 759, in __exit__
    raise asyncio.TimeoutError from exc_val
TimeoutError

The above exception was the direct cause of the following exception:

Traceback (most recent call last):
  File "C:\tg bot\.venv\Lib\site-packages\aiogram\dispatcher\middlewares\error.py", line 27, in __call__
    return await handler(event, data)
           ^^^^^^^^^^^^^^^^^^^^^^^^^^
  File "C:\tg bot\.venv\Lib\site-packages\aiogram\dispatcher\middlewares\user_context.py", line 58, in __call__
    return await handler(event, data)
           ^^^^^^^^^^^^^^^^^^^^^^^^^^
  File "C:\tg bot\.venv\Lib\site-packages\aiogram\fsm\middleware.py", line 43, in __call__
    return await handler(event, data)
           ^^^^^^^^^^^^^^^^^^^^^^^^^^
  File "C:\tg bot\app\bot\middlewares.py", line 35, in __call__
    return await handler(event, data)
           ^^^^^^^^^^^^^^^^^^^^^^^^^^
  File "C:\tg bot\app\bot\middlewares.py", line 74, in __call__
    return await handler(event, data)
           ^^^^^^^^^^^^^^^^^^^^^^^^^^
  File "C:\tg bot\.venv\Lib\site-packages\aiogram\dispatcher\event\telegram.py", line 126, in trigger
    return await wrapped_inner(event, kwargs)
           ^^^^^^^^^^^^^^^^^^^^^^^^^^^^^^^^^^
  File "C:\tg bot\.venv\Lib\site-packages\aiogram\dispatcher\event\handler.py", line 71, in call
    return await wrapped()
           ^^^^^^^^^^^^^^^
  File "C:\tg bot\.venv\Lib\site-packages\aiogram\dispatcher\dispatcher.py", line 283, in _listen_update
    return await self.propagate_event(update_type=update_type, event=event, **kwargs)
           ^^^^^^^^^^^^^^^^^^^^^^^^^^^^^^^^^^^^^^^^^^^^^^^^^^^^^^^^^^^^^^^^^^^^^^^^^^
  File "C:\tg bot\.venv\Lib\site-packages\aiogram\dispatcher\router.py", line 167, in propagate_event
    return await observer.wrap_outer_middleware(_wrapped, event=event, data=kwargs)
           ^^^^^^^^^^^^^^^^^^^^^^^^^^^^^^^^^^^^^^^^^^^^^^^^^^^^^^^^^^^^^^^^^^^^^^^^
  File "C:\tg bot\app\bot\middlewares.py", line 92, in __call__
    return await handler(event, data)
           ^^^^^^^^^^^^^^^^^^^^^^^^^^
  File "C:\tg bot\.venv\Lib\site-packages\aiogram\dispatcher\router.py", line 159, in _wrapped
    return await self._propagate_event(
           ^^^^^^^^^^^^^^^^^^^^^^^^^^^^
    ...<4 lines>...
    )
    ^
  File "C:\tg bot\.venv\Lib\site-packages\aiogram\dispatcher\router.py", line 195, in _propagate_event
    response = await router.propagate_event(update_type=update_type, event=event, **kwargs)
               ^^^^^^^^^^^^^^^^^^^^^^^^^^^^^^^^^^^^^^^^^^^^^^^^^^^^^^^^^^^^^^^^^^^^^^^^^^^^
  File "C:\tg bot\.venv\Lib\site-packages\aiogram\dispatcher\router.py", line 167, in propagate_event
    return await observer.wrap_outer_middleware(_wrapped, event=event, data=kwargs)
           ^^^^^^^^^^^^^^^^^^^^^^^^^^^^^^^^^^^^^^^^^^^^^^^^^^^^^^^^^^^^^^^^^^^^^^^^
  File "C:\tg bot\.venv\Lib\site-packages\aiogram\dispatcher\router.py", line 159, in _wrapped
    return await self._propagate_event(
           ^^^^^^^^^^^^^^^^^^^^^^^^^^^^
    ...<4 lines>...
    )
    ^
  File "C:\tg bot\.venv\Lib\site-packages\aiogram\dispatcher\router.py", line 187, in _propagate_event
    response = await observer.trigger(event, **kwargs)
               ^^^^^^^^^^^^^^^^^^^^^^^^^^^^^^^^^^^^^^^
  File "C:\tg bot\.venv\Lib\site-packages\aiogram\dispatcher\event\telegram.py", line 126, in trigger
    return await wrapped_inner(event, kwargs)
           ^^^^^^^^^^^^^^^^^^^^^^^^^^^^^^^^^^
  File "C:\tg bot\.venv\Lib\site-packages\aiogram\dispatcher\event\handler.py", line 71, in call
    return await wrapped()
           ^^^^^^^^^^^^^^^
  File "C:\tg bot\app\bot\handlers\profile.py", line 40, in open_profile
    await common.answer_photo(message, assets.PROFILE, _screen(user), keyboards.profile_menu())
  File "C:\tg bot\app\bot\common.py", line 83, in answer_photo
    sent = await message.answer_photo(
           ^^^^^^^^^^^^^^^^^^^^^^^^^^^
        _photo_input(photo), caption=caption, reply_markup=keyboard, **kw
        ^^^^^^^^^^^^^^^^^^^^^^^^^^^^^^^^^^^^^^^^^^^^^^^^^^^^^^^^^^^^^^^^^
    )
    ^
  File "C:\tg bot\.venv\Lib\site-packages\aiogram\methods\base.py", line 82, in emit
    return await bot(self)
           ^^^^^^^^^^^^^^^
  File "C:\tg bot\.venv\Lib\site-packages\aiogram\client\bot.py", line 514, in __call__
    return await self.session(self, method, timeout=request_timeout)
           ^^^^^^^^^^^^^^^^^^^^^^^^^^^^^^^^^^^^^^^^^^^^^^^^^^^^^^^^^
  File "C:\tg bot\.venv\Lib\site-packages\aiogram\client\session\base.py", line 259, in __call__
    return cast(TelegramType, await middleware(bot, method))
                              ^^^^^^^^^^^^^^^^^^^^^^^^^^^^^
  File "C:\tg bot\.venv\Lib\site-packages\aiogram\client\session\aiohttp.py", line 174, in make_request
    raise TelegramNetworkError(method=method, message="Request timeout error") from e
aiogram.exceptions.TelegramNetworkError: HTTP Client says - Request timeout error
2026-08-22 21:45:25,697 ERROR   events         [system] bot_error user=None TelegramNetworkError: HTTP Client says - Request timeout error
2026-08-22 21:45:26,275 INFO    aiogram.event  Update id=621125527 is handled. Duration 60811 ms by bot id=8838707397
2026-08-22 21:45:26,966 INFO    aiogram.event  Update id=621125545 is handled. Duration 1126 ms by bot id=8838707397
2026-08-22 21:45:49,054 INFO    catalog        наличие: IN=14
2026-08-22 21:46:02,717 INFO    events         [shop] open user=1 
2026-08-22 21:46:03,313 INFO    aiogram.event  Update id=621125546 is handled. Duration 624 ms by bot id=8838707397
2026-08-22 21:46:08,708 INFO    aiogram.event  Update id=621125547 is handled. Duration 1176 ms by bot id=8838707397
2026-08-22 21:48:50,414 INFO    catalog        наличие: IN=13
2026-08-22 22:04:46,870 INFO    catalog        обновление наличия каждые 180 с
2026-08-22 22:04:46,880 INFO    payments       опрос неоплаченных счетов каждые 25 с
2026-08-22 22:04:46,883 INFO    reviews        публикация отзывов раз в 20 с
2026-08-22 22:04:48,039 INFO    bot.broadcasts очередь рассылок запущена, восстановлено строк: 0
2026-08-22 22:04:49,666 INFO    catalog        наличие: IN=10
2026-08-22 22:04:50,416 INFO    bot            бот @AntarcticShop_Robot (id 8838707397) запущен
2026-08-22 22:04:51,586 INFO    events         [system] bot_started user=None 
2026-08-22 22:04:51,623 INFO    aiogram.dispatcher Start polling
2026-08-22 22:04:52,170 INFO    aiogram.dispatcher Run polling for bot @AntarcticShop_Robot id=8838707397 - 'Antarctic Shop'
2026-08-22 22:05:01,382 INFO    events         [user] start user=1 повторный вход
2026-08-22 22:05:55,172 INFO    aiogram.event  Update id=621125548 is handled. Duration 53813 ms by bot id=8838707397
2026-08-22 22:10:39,436 INFO    events         [shop] open user=1 
2026-08-22 22:10:51,869 INFO    catalog        наличие: 1=7094
2026-08-22 22:10:52,492 INFO    events         [shop] open user=1 
2026-08-22 22:10:57,292 INFO    events         [shop] open user=1 
2026-08-22 22:10:58,489 INFO    aiogram.event  Update id=621125550 is handled. Duration 6013 ms by bot id=8838707397
2026-08-22 22:10:58,901 INFO    events         [payment] open user=1 
2026-08-22 22:11:05,625 INFO    aiogram.event  Update id=621125551 is handled. Duration 8349 ms by bot id=8838707397
2026-08-22 22:11:05,772 INFO    aiogram.event  Update id=621125552 is handled. Duration 6889 ms by bot id=8838707397
2026-08-22 22:11:22,368 INFO    aiogram.event  Update id=621125549 is handled. Duration 42947 ms by bot id=8838707397
2026-08-22 22:11:50,855 INFO    aiogram.event  Update id=621125553 is handled. Duration 3854 ms by bot id=8838707397
2026-08-22 22:11:53,425 INFO    aiogram.event  Update id=621125554 is handled. Duration 645 ms by bot id=8838707397
2026-08-22 22:11:57,634 INFO    aiogram.event  Update id=621125555 is handled. Duration 1142 ms by bot id=8838707397
2026-08-22 22:12:02,324 INFO    aiogram.event  Update id=621125556 is handled. Duration 833 ms by bot id=8838707397
2026-08-22 22:12:04,985 INFO    aiogram.event  Update id=621125557 is handled. Duration 1360 ms by bot id=8838707397
2026-08-22 22:12:08,683 INFO    aiogram.event  Update id=621125558 is handled. Duration 3769 ms by bot id=8838707397
2026-08-22 22:12:16,966 INFO    aiogram.event  Update id=621125559 is handled. Duration 626 ms by bot id=8838707397
2026-08-22 22:12:18,867 INFO    events         [user] open_profile user=1 
2026-08-22 22:12:22,254 INFO    aiogram.event  Update id=621125560 is handled. Duration 3407 ms by bot id=8838707397
2026-08-22 22:12:55,537 INFO    events         [user] open_profile user=1 
2026-08-22 22:12:56,163 INFO    aiogram.event  Update id=621125561 is handled. Duration 642 ms by bot id=8838707397
2026-08-22 22:12:59,060 INFO    events         [shop] open user=1 
2026-08-22 22:12:59,653 INFO    aiogram.event  Update id=621125562 is handled. Duration 601 ms by bot id=8838707397
2026-08-22 22:13:01,871 INFO    aiogram.event  Update id=621125563 is handled. Duration 1187 ms by bot id=8838707397
2026-08-22 22:13:04,109 INFO    events         [balance] debit user=1 −40 ₽ → 0 ₽ (заказ №3, США +1 🇺🇸)
2026-08-22 22:13:04,110 INFO    events         [shop] order_created user=1 США +1 🇺🇸 за 40 ₽ (bot)
2026-08-22 22:13:12,036 INFO    events         [shop] order_purchased user=1 США +1 🇺🇸: 1636…74, закуп 18 ₽, маржа 22 ₽
2026-08-22 22:13:13,156 INFO    aiogram.event  Update id=621125564 is handled. Duration 10582 ms by bot id=8838707397
2026-08-22 22:13:53,942 INFO    catalog        наличие: 1=5561
2026-08-22 22:13:54,526 INFO    events         [shop] code_issued user=1 1636…74, запрос 1
2026-08-22 22:13:56,710 INFO    aiogram.event  Update id=621125565 is handled. Duration 4092 ms by bot id=8838707397
2026-08-22 22:16:01,092 INFO    events         [user] start user=3 повторный вход
2026-08-22 22:16:01,711 INFO    aiogram.event  Update id=621125566 is handled. Duration 638 ms by bot id=8838707397
2026-08-22 22:16:08,860 INFO    events         [shop] open user=3 
2026-08-22 22:16:09,458 INFO    aiogram.event  Update id=621125567 is handled. Duration 612 ms by bot id=8838707397
2026-08-22 22:16:15,363 INFO    aiogram.event  Update id=621125568 is handled. Duration 1162 ms by bot id=8838707397
2026-08-22 22:16:18,846 INFO    aiogram.event  Update id=621125569 is handled. Duration 1131 ms by bot id=8838707397
2026-08-22 22:16:19,559 INFO    events         [support] open user=3 
2026-08-22 22:16:25,914 INFO    events         [earn] open user=3 
2026-08-22 22:16:28,811 INFO    events         [user] open_profile user=3 
2026-08-22 22:16:29,732 INFO    aiogram.event  Update id=621125571 is handled. Duration 3849 ms by bot id=8838707397
2026-08-22 22:16:32,647 INFO    aiogram.event  Update id=621125572 is handled. Duration 3852 ms by bot id=8838707397
2026-08-22 22:16:45,028 INFO    events         [user] open_topups user=3 
2026-08-22 22:16:46,205 INFO    aiogram.event  Update id=621125573 is handled. Duration 1193 ms by bot id=8838707397
2026-08-22 22:16:47,372 INFO    aiogram.event  Update id=621125570 is handled. Duration 27840 ms by bot id=8838707397
2026-08-22 22:16:56,420 INFO    catalog        наличие: 1=5504
2026-08-22 22:17:18,751 INFO    aiogram.event  Update id=621125574 is handled. Duration 1367 ms by bot id=8838707397
2026-08-22 22:17:21,629 INFO    aiogram.event  Update id=621125575 is handled. Duration 1529 ms by bot id=8838707397
2026-08-22 22:17:37,291 INFO    events         [review] review_created user=1 5★, США +1 🇺🇸, на проверку
2026-08-22 22:17:37,896 INFO    aiogram.event  Update id=621125576 is handled. Duration 663 ms by bot id=8838707397
2026-08-22 22:18:15,025 INFO    events         [review] review_published user=1 отзыв 3, 5★, картинкой
2026-08-22 22:56:44,609 INFO    catalog        обновление наличия каждые 180 с
2026-08-22 22:56:44,617 INFO    payments       опрос неоплаченных счетов каждые 25 с
2026-08-22 22:56:44,621 INFO    reviews        публикация отзывов раз в 20 с
2026-08-22 22:56:45,816 INFO    bot.broadcasts очередь рассылок запущена, восстановлено строк: 0
2026-08-22 22:56:48,136 INFO    bot            бот @AntarcticShop_Robot (id 8838707397) запущен
2026-08-22 22:56:48,333 INFO    catalog        наличие: 1=5364
2026-08-22 22:56:49,282 INFO    events         [system] bot_started user=None 
2026-08-22 22:56:49,315 INFO    aiogram.dispatcher Start polling
2026-08-22 22:56:49,847 INFO    aiogram.dispatcher Run polling for bot @AntarcticShop_Robot id=8838707397 - 'Antarctic Shop'
2026-08-22 22:57:47,577 INFO    events         [shop] open user=1 
2026-08-22 22:57:51,147 INFO    aiogram.event  Update id=621125578 is handled. Duration 7838 ms by bot id=8838707397
2026-08-22 22:57:57,997 INFO    aiogram.event  Update id=621125580 is handled. Duration 3787 ms by bot id=8838707397
2026-08-22 22:58:01,385 INFO    aiogram.event  Update id=621125581 is handled. Duration 1510 ms by bot id=8838707397
2026-08-22 22:58:04,021 INFO    aiogram.event  Update id=621125582 is handled. Duration 1373 ms by bot id=8838707397
2026-08-22 22:58:08,456 INFO    aiogram.event  Update id=621125583 is handled. Duration 1157 ms by bot id=8838707397
2026-08-22 22:58:08,645 ERROR   bot            ошибка обработки апдейта
Traceback (most recent call last):
  File "C:\tg bot\.venv\Lib\site-packages\aiohttp\client_reqrep.py", line 558, in start
    message, payload = await protocol.read()  # type: ignore[union-attr]
                       ^^^^^^^^^^^^^^^^^^^^^
  File "C:\tg bot\.venv\Lib\site-packages\aiohttp\streams.py", line 705, in read
    await self._waiter
asyncio.exceptions.CancelledError

The above exception was the direct cause of the following exception:

Traceback (most recent call last):
  File "C:\tg bot\.venv\Lib\site-packages\aiogram\client\session\aiohttp.py", line 167, in make_request
    async with session.post(
               ~~~~~~~~~~~~^
        url,
        ^^^^
        data=form,
        ^^^^^^^^^^
        timeout=self.timeout if timeout is None else timeout,
        ^^^^^^^^^^^^^^^^^^^^^^^^^^^^^^^^^^^^^^^^^^^^^^^^^^^^^
    ) as resp:
    ^
  File "C:\tg bot\.venv\Lib\site-packages\aiohttp\client.py", line 1693, in __aenter__
    self._resp: _RetType_co = await self._coro
                              ^^^^^^^^^^^^^^^^
  File "C:\tg bot\.venv\Lib\site-packages\aiohttp\client.py", line 858, in _request
    resp = await handler(req)
           ^^^^^^^^^^^^^^^^^^
  File "C:\tg bot\.venv\Lib\site-packages\aiohttp\client.py", line 836, in _connect_and_send_request
    await resp.start(conn)
  File "C:\tg bot\.venv\Lib\site-packages\aiohttp\client_reqrep.py", line 553, in start
    with self._timer:
         ^^^^^^^^^^^
  File "C:\tg bot\.venv\Lib\site-packages\aiohttp\helpers.py", line 759, in __exit__
    raise asyncio.TimeoutError from exc_val
TimeoutError

The above exception was the direct cause of the following exception:

Traceback (most recent call last):
  File "C:\tg bot\.venv\Lib\site-packages\aiogram\dispatcher\middlewares\error.py", line 27, in __call__
    return await handler(event, data)
           ^^^^^^^^^^^^^^^^^^^^^^^^^^
  File "C:\tg bot\.venv\Lib\site-packages\aiogram\dispatcher\middlewares\user_context.py", line 58, in __call__
    return await handler(event, data)
           ^^^^^^^^^^^^^^^^^^^^^^^^^^
  File "C:\tg bot\.venv\Lib\site-packages\aiogram\fsm\middleware.py", line 43, in __call__
    return await handler(event, data)
           ^^^^^^^^^^^^^^^^^^^^^^^^^^
  File "C:\tg bot\app\bot\middlewares.py", line 35, in __call__
    return await handler(event, data)
           ^^^^^^^^^^^^^^^^^^^^^^^^^^
  File "C:\tg bot\app\bot\middlewares.py", line 74, in __call__
    return await handler(event, data)
           ^^^^^^^^^^^^^^^^^^^^^^^^^^
  File "C:\tg bot\.venv\Lib\site-packages\aiogram\dispatcher\event\telegram.py", line 126, in trigger
    return await wrapped_inner(event, kwargs)
           ^^^^^^^^^^^^^^^^^^^^^^^^^^^^^^^^^^
  File "C:\tg bot\.venv\Lib\site-packages\aiogram\dispatcher\event\handler.py", line 71, in call
    return await wrapped()
           ^^^^^^^^^^^^^^^
  File "C:\tg bot\.venv\Lib\site-packages\aiogram\dispatcher\dispatcher.py", line 283, in _listen_update
    return await self.propagate_event(update_type=update_type, event=event, **kwargs)
           ^^^^^^^^^^^^^^^^^^^^^^^^^^^^^^^^^^^^^^^^^^^^^^^^^^^^^^^^^^^^^^^^^^^^^^^^^^
  File "C:\tg bot\.venv\Lib\site-packages\aiogram\dispatcher\router.py", line 167, in propagate_event
    return await observer.wrap_outer_middleware(_wrapped, event=event, data=kwargs)
           ^^^^^^^^^^^^^^^^^^^^^^^^^^^^^^^^^^^^^^^^^^^^^^^^^^^^^^^^^^^^^^^^^^^^^^^^
  File "C:\tg bot\.venv\Lib\site-packages\aiogram\dispatcher\router.py", line 159, in _wrapped
    return await self._propagate_event(
           ^^^^^^^^^^^^^^^^^^^^^^^^^^^^
    ...<4 lines>...
    )
    ^
  File "C:\tg bot\.venv\Lib\site-packages\aiogram\dispatcher\router.py", line 195, in _propagate_event
    response = await router.propagate_event(update_type=update_type, event=event, **kwargs)
               ^^^^^^^^^^^^^^^^^^^^^^^^^^^^^^^^^^^^^^^^^^^^^^^^^^^^^^^^^^^^^^^^^^^^^^^^^^^^
  File "C:\tg bot\.venv\Lib\site-packages\aiogram\dispatcher\router.py", line 167, in propagate_event
    return await observer.wrap_outer_middleware(_wrapped, event=event, data=kwargs)
           ^^^^^^^^^^^^^^^^^^^^^^^^^^^^^^^^^^^^^^^^^^^^^^^^^^^^^^^^^^^^^^^^^^^^^^^^
  File "C:\tg bot\.venv\Lib\site-packages\aiogram\dispatcher\router.py", line 159, in _wrapped
    return await self._propagate_event(
           ^^^^^^^^^^^^^^^^^^^^^^^^^^^^
    ...<4 lines>...
    )
    ^
  File "C:\tg bot\.venv\Lib\site-packages\aiogram\dispatcher\router.py", line 187, in _propagate_event
    response = await observer.trigger(event, **kwargs)
               ^^^^^^^^^^^^^^^^^^^^^^^^^^^^^^^^^^^^^^^
  File "C:\tg bot\.venv\Lib\site-packages\aiogram\dispatcher\event\telegram.py", line 126, in trigger
    return await wrapped_inner(event, kwargs)
           ^^^^^^^^^^^^^^^^^^^^^^^^^^^^^^^^^^
  File "C:\tg bot\.venv\Lib\site-packages\aiogram\dispatcher\event\handler.py", line 71, in call
    return await wrapped()
           ^^^^^^^^^^^^^^^
  File "C:\tg bot\app\bot\handlers\shop.py", line 74, in back_to_shop
    await common.edit(cb, text, keyboard, photo=assets.COUNTRIES)
  File "C:\tg bot\app\bot\common.py", line 163, in edit
    await _replace_with_photo(cb.message, photo, text, keyboard)
  File "C:\tg bot\app\bot\common.py", line 115, in _replace_with_photo
    await answer_photo(message, photo, text, keyboard)
  File "C:\tg bot\app\bot\common.py", line 83, in answer_photo
    sent = await message.answer_photo(
           ^^^^^^^^^^^^^^^^^^^^^^^^^^^
        _photo_input(photo), caption=caption, reply_markup=keyboard, **kw
        ^^^^^^^^^^^^^^^^^^^^^^^^^^^^^^^^^^^^^^^^^^^^^^^^^^^^^^^^^^^^^^^^^
    )
    ^
  File "C:\tg bot\.venv\Lib\site-packages\aiogram\methods\base.py", line 82, in emit
    return await bot(self)
           ^^^^^^^^^^^^^^^
  File "C:\tg bot\.venv\Lib\site-packages\aiogram\client\bot.py", line 514, in __call__
    return await self.session(self, method, timeout=request_timeout)
           ^^^^^^^^^^^^^^^^^^^^^^^^^^^^^^^^^^^^^^^^^^^^^^^^^^^^^^^^^
  File "C:\tg bot\.venv\Lib\site-packages\aiogram\client\session\base.py", line 259, in __call__
    return cast(TelegramType, await middleware(bot, method))
                              ^^^^^^^^^^^^^^^^^^^^^^^^^^^^^
  File "C:\tg bot\.venv\Lib\site-packages\aiogram\client\session\aiohttp.py", line 174, in make_request
    raise TelegramNetworkError(method=method, message="Request timeout error") from e
aiogram.exceptions.TelegramNetworkError: HTTP Client says - Request timeout error
2026-08-22 22:58:08,709 ERROR   events         [system] bot_error user=None TelegramNetworkError: HTTP Client says - Request timeout error
2026-08-22 22:58:08,859 INFO    events         [earn] open user=1 
2026-08-22 22:58:09,810 INFO    aiogram.event  Update id=621125577 is handled. Duration 62114 ms by bot id=8838707397
2026-08-22 22:58:12,362 INFO    aiogram.event  Update id=621125584 is handled. Duration 3550 ms by bot id=8838707397
2026-08-22 22:58:16,202 INFO    aiogram.event  Update id=621125579 is handled. Duration 28640 ms by bot id=8838707397
2026-08-22 22:58:23,643 INFO    events         [earn] open_comments user=1 
2026-08-22 22:58:24,757 INFO    aiogram.event  Update id=621125585 is handled. Duration 1142 ms by bot id=8838707397
2026-08-22 22:58:28,799 INFO    aiogram.event  Update id=621125586 is handled. Duration 1188 ms by bot id=8838707397
2026-08-22 22:58:49,218 INFO    events         [payment] open user=1 
2026-08-22 22:58:54,018 INFO    aiogram.event  Update id=621125587 is handled. Duration 4818 ms by bot id=8838707397
2026-08-22 22:58:59,210 INFO    aiogram.event  Update id=621125588 is handled. Duration 592 ms by bot id=8838707397
2026-08-23 02:01:01,023 INFO    catalog        обновление наличия каждые 180 с
2026-08-23 02:01:01,040 INFO    payments       опрос неоплаченных счетов каждые 25 с
2026-08-23 02:01:01,045 INFO    reviews        публикация отзывов раз в 20 с
2026-08-23 02:01:02,426 INFO    bot.broadcasts очередь рассылок запущена, восстановлено строк: 0
2026-08-23 02:01:04,790 INFO    bot            бот @AntarcticShop_Robot (id 8838707397) запущен
2026-08-23 02:01:05,574 INFO    catalog        наличие: 1=4913
2026-08-23 02:01:05,898 INFO    events         [system] bot_started user=None 
2026-08-23 02:01:05,932 INFO    aiogram.dispatcher Start polling
2026-08-23 02:01:06,473 INFO    aiogram.dispatcher Run polling for bot @AntarcticShop_Robot id=8838707397 - 'Antarctic Shop'
2026-08-23 02:01:17,631 INFO    events         [user] open_profile user=1 
2026-08-23 02:01:22,044 INFO    aiogram.event  Update id=621125589 is handled. Duration 4447 ms by bot id=8838707397
2026-08-23 02:01:24,846 INFO    events         [user] open_accounts user=1 
2026-08-23 02:01:26,437 INFO    aiogram.event  Update id=621125590 is handled. Duration 1625 ms by bot id=8838707397
2026-08-23 02:01:28,881 INFO    aiogram.event  Update id=621125591 is handled. Duration 1499 ms by bot id=8838707397
2026-08-23 02:01:33,020 INFO    aiogram.event  Update id=621125592 is handled. Duration 1543 ms by bot id=8838707397
2026-08-23 02:01:36,027 INFO    aiogram.event  Update id=621125593 is handled. Duration 1900 ms by bot id=8838707397
2026-08-23 02:01:45,625 INFO    aiogram.event  Update id=621125594 is handled. Duration 1553 ms by bot id=8838707397
2026-08-23 12:41:16,364 INFO    catalog        обновление наличия каждые 180 с
2026-08-23 12:41:16,388 INFO    payments       опрос неоплаченных счетов каждые 25 с
2026-08-23 12:41:16,398 INFO    reviews        публикация отзывов раз в 20 с
2026-08-23 12:41:19,010 INFO    bot.broadcasts очередь рассылок запущена, восстановлено строк: 0
2026-08-23 12:41:21,416 INFO    catalog        наличие: 1=3285
2026-08-23 12:41:21,488 INFO    bot            бот @AntarcticShop_Robot (id 8838707397) запущен
2026-08-23 12:41:22,592 INFO    events         [system] bot_started user=None 
2026-08-23 12:41:22,629 INFO    aiogram.dispatcher Start polling
2026-08-23 12:41:23,158 INFO    aiogram.dispatcher Run polling for bot @AntarcticShop_Robot id=8838707397 - 'Antarctic Shop'
2026-08-23 12:41:23,807 INFO    events         [shop] open user=1 
2026-08-23 12:41:23,823 INFO    events         [user] start user=1 повторный вход
2026-08-23 12:41:28,304 INFO    aiogram.event  Update id=621125597 is handled. Duration 4539 ms by bot id=8838707397
2026-08-23 12:41:28,568 INFO    aiogram.event  Update id=621125596 is handled. Duration 4825 ms by bot id=8838707397
2026-08-23 12:41:33,663 INFO    events         [shop] open user=1 
2026-08-23 12:41:34,272 INFO    aiogram.event  Update id=621125598 is handled. Duration 626 ms by bot id=8838707397
2026-08-23 12:41:36,194 INFO    events         [user] open_profile user=1 
2026-08-23 12:41:38,055 INFO    aiogram.event  Update id=621125599 is handled. Duration 1886 ms by bot id=8838707397
2026-08-23 12:41:40,562 INFO    events         [user] open_accounts user=1 
2026-08-23 12:41:41,088 INFO    events         [user] open_accounts user=1 
2026-08-23 12:41:41,948 INFO    aiogram.event  Update id=621125600 is handled. Duration 1435 ms by bot id=8838707397
2026-08-23 12:41:42,438 INFO    aiogram.event  Update id=621125601 is handled. Duration 1391 ms by bot id=8838707397
2026-08-23 12:41:43,913 INFO    aiogram.event  Update id=621125602 is handled. Duration 1588 ms by bot id=8838707397
2026-08-23 12:41:46,804 INFO    aiogram.event  Update id=621125603 is handled. Duration 1460 ms by bot id=8838707397
2026-08-23 12:41:54,959 INFO    telethon.crypto.libssl Failed to load SSL library: <class 'OSError'> (no library called "ssl" found)
2026-08-23 12:41:54,965 INFO    telethon.crypto.aes cryptg module not installed and libssl not found, falling back to (slower) Python encryption
2026-08-23 12:41:55,673 INFO    telethon.network.mtprotosender Connecting to 149.154.175.53:443/TcpFull...
2026-08-23 12:41:55,691 INFO    telethon.network.mtprotosender Connection to 149.154.175.53:443/TcpFull complete!
2026-08-23 12:42:00,271 INFO    telethon.network.mtprotosender Disconnecting from 149.154.175.53:443/TcpFull...
2026-08-23 12:42:00,275 INFO    telethon.network.mtprotosender Disconnection from 149.154.175.53:443/TcpFull complete!
2026-08-23 12:42:00,279 INFO    events         [shop] account_cleaned user=1 диалоги 7, группы 1, каналы 0, контакты 0, ошибки 0
2026-08-23 12:42:00,880 INFO    aiogram.event  Update id=621125604 is handled. Duration 8342 ms by bot id=8838707397
2026-08-23 12:42:23,439 INFO    aiogram.event  Update id=621125605 is handled. Duration 1358 ms by bot id=8838707397
2026-08-23 12:42:25,851 INFO    aiogram.event  Update id=621125606 is handled. Duration 1524 ms by bot id=8838707397
2026-08-23 12:43:14,647 INFO    telethon.network.mtprotosender Connecting to 149.154.175.53:443/TcpFull...
2026-08-23 12:43:14,660 INFO    telethon.network.mtprotosender Connection to 149.154.175.53:443/TcpFull complete!
2026-08-23 12:43:18,345 INFO    telethon.network.mtprotosender Disconnecting from 149.154.175.53:443/TcpFull...
2026-08-23 12:43:18,348 INFO    telethon.network.mtprotosender Disconnection from 149.154.175.53:443/TcpFull complete!
2026-08-23 12:43:18,356 INFO    events         [shop] account_cleaned user=1 диалоги 2, группы 1, каналы 1, контакты 1, ошибки 0
2026-08-23 12:43:18,944 INFO    aiogram.event  Update id=621125607 is handled. Duration 5433 ms by bot id=8838707397
2026-08-23 12:43:27,654 INFO    aiogram.event  Update id=621125608 is handled. Duration 2505 ms by bot id=8838707397
2026-08-23 12:43:30,856 INFO    aiogram.event  Update id=621125609 is handled. Duration 1509 ms by bot id=8838707397
2026-08-23 12:43:34,493 INFO    aiogram.event  Update id=621125610 is handled. Duration 1536 ms by bot id=8838707397
2026-08-23 12:44:23,513 INFO    catalog        наличие: 1=3285
2026-08-23 12:44:43,618 INFO    aiogram.event  Update id=621125611 is handled. Duration 1360 ms by bot id=8838707397
2026-08-23 12:47:25,469 INFO    catalog        наличие: 1=3284
2026-08-23 12:50:27,599 INFO    catalog        наличие: 1=3284
2026-08-23 12:53:29,774 INFO    catalog        наличие: 1=3282
2026-08-23 12:56:31,762 INFO    catalog        наличие: 1=3280
2026-08-23 12:59:33,617 INFO    catalog        наличие: 1=3279
2026-08-23 13:01:54,050 ERROR   aiogram.dispatcher Failed to fetch updates - TelegramNetworkError: HTTP Client says - ClientOSError: [WinError 64] Указанное сетевое имя более недоступно
2026-08-23 13:01:54,066 WARNING aiogram.dispatcher Sleep for 1.000000 seconds and try again... (tryings = 0, bot id = 8838707397)
2026-08-23 13:02:14,391 INFO    aiogram.dispatcher Connection established (tryings = 1, bot id = 8838707397)
2026-08-23 13:02:40,490 INFO    catalog        наличие: 1=3278
2026-08-23 13:05:42,535 INFO    catalog        наличие: 1=3277
2026-08-23 13:08:41,771 ERROR   aiogram.dispatcher Failed to fetch updates - TelegramNetworkError: HTTP Client says - ServerDisconnectedError: Server disconnected
2026-08-23 13:08:41,776 WARNING aiogram.dispatcher Sleep for 1.000000 seconds and try again... (tryings = 0, bot id = 8838707397)
2026-08-23 13:08:44,934 INFO    catalog        наличие: 1=3277
2026-08-23 13:08:56,329 INFO    aiogram.dispatcher Connection established (tryings = 1, bot id = 8838707397)
2026-08-23 13:11:46,815 INFO    catalog        наличие: 1=3277
2026-08-23 13:14:48,817 INFO    catalog        наличие: 1=3277
2026-08-23 13:17:51,191 INFO    catalog        наличие: 1=3277
2026-08-23 13:20:53,319 INFO    catalog        наличие: 1=3276
2026-08-23 13:23:55,266 INFO    catalog        наличие: 1=3276
2026-08-23 13:26:57,080 INFO    catalog        наличие: 1=3276
2026-08-23 13:29:59,189 INFO    catalog        наличие: 1=3276
2026-08-23 13:33:01,247 INFO    catalog        наличие: 1=3276
2026-08-23 14:29:06,796 INFO    catalog        обновление наличия каждые 180 с
2026-08-23 14:29:06,847 INFO    payments       опрос неоплаченных счетов каждые 25 с
2026-08-23 14:29:06,856 INFO    reviews        публикация отзывов раз в 20 с
2026-08-23 14:29:08,798 INFO    bot.broadcasts очередь рассылок запущена, восстановлено строк: 0
2026-08-23 14:29:11,130 INFO    catalog        наличие: 1=3272
2026-08-23 14:29:12,007 INFO    bot            бот @AntarcticShop_Robot (id 8838707397) запущен
2026-08-23 14:29:13,430 INFO    events         [system] bot_started user=None 
2026-08-23 14:29:13,467 INFO    aiogram.dispatcher Start polling
2026-08-23 14:29:14,682 INFO    aiogram.dispatcher Run polling for bot @AntarcticShop_Robot id=8838707397 - 'Antarctic Shop'
2026-08-23 14:29:15,852 INFO    events         [shop] open user=1 
2026-08-23 14:29:23,020 INFO    aiogram.event  Update id=621125612 is handled. Duration 7208 ms by bot id=8838707397
2026-08-23 14:29:30,824 INFO    events         [user] open_profile user=1 
2026-08-23 14:29:32,788 INFO    aiogram.event  Update id=621125613 is handled. Duration 1990 ms by bot id=8838707397
2026-08-23 14:29:33,998 INFO    events         [user] open_accounts user=1 
2026-08-23 14:29:38,815 INFO    aiogram.event  Update id=621125614 is handled. Duration 4869 ms by bot id=8838707397
2026-08-23 14:32:14,165 INFO    catalog        обновление наличия каждые 180 с
2026-08-23 14:32:14,180 INFO    payments       опрос неоплаченных счетов каждые 25 с
2026-08-23 14:32:14,195 INFO    reviews        публикация отзывов раз в 20 с
2026-08-23 14:32:16,943 INFO    bot.broadcasts очередь рассылок запущена, восстановлено строк: 0
2026-08-23 14:32:19,565 INFO    bot            бот @AntarcticShop_Robot (id 8838707397) запущен
2026-08-23 14:32:19,665 INFO    catalog        наличие: 1=3271
2026-08-23 14:32:23,236 INFO    events         [system] bot_started user=None 
2026-08-23 14:32:23,330 INFO    aiogram.dispatcher Start polling
2026-08-23 14:32:24,438 INFO    aiogram.dispatcher Run polling for bot @AntarcticShop_Robot id=8838707397 - 'Antarctic Shop'
2026-08-23 14:32:25,499 INFO    events         [shop] open user=1 
2026-08-23 14:32:25,618 INFO    events         [user] start user=1 повторный вход
2026-08-23 14:32:30,961 INFO    events         [user] start user=1 повторный вход
2026-08-23 14:32:32,539 INFO    aiogram.event  Update id=621125617 is handled. Duration 7118 ms by bot id=8838707397
2026-08-23 14:32:32,548 INFO    aiogram.event  Update id=621125618 is handled. Duration 7105 ms by bot id=8838707397
2026-08-23 14:32:35,737 INFO    aiogram.event  Update id=621125619 is handled. Duration 4789 ms by bot id=8838707397
2026-08-23 14:32:39,046 INFO    events         [shop] open user=1 
2026-08-23 14:32:39,672 INFO    aiogram.event  Update id=621125620 is handled. Duration 638 ms by bot id=8838707397
2026-08-23 14:32:43,938 INFO    aiogram.event  Update id=621125621 is handled. Duration 3003 ms by bot id=8838707397
2026-08-23 14:32:52,145 INFO    aiogram.event  Update id=621125622 is handled. Duration 1290 ms by bot id=8838707397
2026-08-23 14:32:52,712 INFO    events         [user] open_profile user=1 
2026-08-23 14:32:57,497 INFO    aiogram.event  Update id=621125623 is handled. Duration 4813 ms by bot id=8838707397
2026-08-23 14:32:57,535 INFO    events         [user] open_accounts user=1 
2026-08-23 14:33:21,047 ERROR   bot            ошибка обработки апдейта
Traceback (most recent call last):
  File "C:\Users\Onyx\AppData\Local\Programs\Python\Python314\Lib\asyncio\proactor_events.py", line 286, in _loop_reading
    length = fut.result()
  File "C:\Users\Onyx\AppData\Local\Programs\Python\Python314\Lib\asyncio\windows_events.py", line 804, in _poll
    value = callback(transferred, key, ov)
  File "C:\Users\Onyx\AppData\Local\Programs\Python\Python314\Lib\asyncio\windows_events.py", line 463, in finish_socket_func
    return ov.getresult()
           ~~~~~~~~~~~~^^
OSError: [WinError 121] Превышен таймаут семафора

The above exception was the direct cause of the following exception:

Traceback (most recent call last):
  File "C:\tg bot\.venv\Lib\site-packages\aiogram\client\session\aiohttp.py", line 167, in make_request
    async with session.post(
               ~~~~~~~~~~~~^
        url,
        ^^^^
        data=form,
        ^^^^^^^^^^
        timeout=self.timeout if timeout is None else timeout,
        ^^^^^^^^^^^^^^^^^^^^^^^^^^^^^^^^^^^^^^^^^^^^^^^^^^^^^
    ) as resp:
    ^
  File "C:\tg bot\.venv\Lib\site-packages\aiohttp\client.py", line 1693, in __aenter__
    self._resp: _RetType_co = await self._coro
                              ^^^^^^^^^^^^^^^^
  File "C:\tg bot\.venv\Lib\site-packages\aiohttp\client.py", line 858, in _request
    resp = await handler(req)
           ^^^^^^^^^^^^^^^^^^
  File "C:\tg bot\.venv\Lib\site-packages\aiohttp\client.py", line 836, in _connect_and_send_request
    await resp.start(conn)
  File "C:\tg bot\.venv\Lib\site-packages\aiohttp\client_reqrep.py", line 558, in start
    message, payload = await protocol.read()  # type: ignore[union-attr]
                       ^^^^^^^^^^^^^^^^^^^^^
  File "C:\tg bot\.venv\Lib\site-packages\aiohttp\streams.py", line 705, in read
    await self._waiter
aiohttp.client_exceptions.ClientOSError: [WinError 121] Превышен таймаут семафора

The above exception was the direct cause of the following exception:

Traceback (most recent call last):
  File "C:\tg bot\.venv\Lib\site-packages\aiogram\dispatcher\middlewares\error.py", line 27, in __call__
    return await handler(event, data)
           ^^^^^^^^^^^^^^^^^^^^^^^^^^
  File "C:\tg bot\.venv\Lib\site-packages\aiogram\dispatcher\middlewares\user_context.py", line 58, in __call__
    return await handler(event, data)
           ^^^^^^^^^^^^^^^^^^^^^^^^^^
  File "C:\tg bot\.venv\Lib\site-packages\aiogram\fsm\middleware.py", line 43, in __call__
    return await handler(event, data)
           ^^^^^^^^^^^^^^^^^^^^^^^^^^
  File "C:\tg bot\app\bot\middlewares.py", line 35, in __call__
    return await handler(event, data)
           ^^^^^^^^^^^^^^^^^^^^^^^^^^
  File "C:\tg bot\app\bot\middlewares.py", line 74, in __call__
    return await handler(event, data)
           ^^^^^^^^^^^^^^^^^^^^^^^^^^
  File "C:\tg bot\.venv\Lib\site-packages\aiogram\dispatcher\event\telegram.py", line 126, in trigger
    return await wrapped_inner(event, kwargs)
           ^^^^^^^^^^^^^^^^^^^^^^^^^^^^^^^^^^
  File "C:\tg bot\.venv\Lib\site-packages\aiogram\dispatcher\event\handler.py", line 71, in call
    return await wrapped()
           ^^^^^^^^^^^^^^^
  File "C:\tg bot\.venv\Lib\site-packages\aiogram\dispatcher\dispatcher.py", line 283, in _listen_update
    return await self.propagate_event(update_type=update_type, event=event, **kwargs)
           ^^^^^^^^^^^^^^^^^^^^^^^^^^^^^^^^^^^^^^^^^^^^^^^^^^^^^^^^^^^^^^^^^^^^^^^^^^
  File "C:\tg bot\.venv\Lib\site-packages\aiogram\dispatcher\router.py", line 167, in propagate_event
    return await observer.wrap_outer_middleware(_wrapped, event=event, data=kwargs)
           ^^^^^^^^^^^^^^^^^^^^^^^^^^^^^^^^^^^^^^^^^^^^^^^^^^^^^^^^^^^^^^^^^^^^^^^^
  File "C:\tg bot\.venv\Lib\site-packages\aiogram\dispatcher\router.py", line 159, in _wrapped
    return await self._propagate_event(
           ^^^^^^^^^^^^^^^^^^^^^^^^^^^^
    ...<4 lines>...
    )
    ^
  File "C:\tg bot\.venv\Lib\site-packages\aiogram\dispatcher\router.py", line 195, in _propagate_event
    response = await router.propagate_event(update_type=update_type, event=event, **kwargs)
               ^^^^^^^^^^^^^^^^^^^^^^^^^^^^^^^^^^^^^^^^^^^^^^^^^^^^^^^^^^^^^^^^^^^^^^^^^^^^
  File "C:\tg bot\.venv\Lib\site-packages\aiogram\dispatcher\router.py", line 167, in propagate_event
    return await observer.wrap_outer_middleware(_wrapped, event=event, data=kwargs)
           ^^^^^^^^^^^^^^^^^^^^^^^^^^^^^^^^^^^^^^^^^^^^^^^^^^^^^^^^^^^^^^^^^^^^^^^^
  File "C:\tg bot\.venv\Lib\site-packages\aiogram\dispatcher\router.py", line 159, in _wrapped
    return await self._propagate_event(
           ^^^^^^^^^^^^^^^^^^^^^^^^^^^^
    ...<4 lines>...
    )
    ^
  File "C:\tg bot\.venv\Lib\site-packages\aiogram\dispatcher\router.py", line 187, in _propagate_event
    response = await observer.trigger(event, **kwargs)
               ^^^^^^^^^^^^^^^^^^^^^^^^^^^^^^^^^^^^^^^
  File "C:\tg bot\.venv\Lib\site-packages\aiogram\dispatcher\event\telegram.py", line 126, in trigger
    return await wrapped_inner(event, kwargs)
           ^^^^^^^^^^^^^^^^^^^^^^^^^^^^^^^^^^
  File "C:\tg bot\.venv\Lib\site-packages\aiogram\dispatcher\event\handler.py", line 71, in call
    return await wrapped()
           ^^^^^^^^^^^^^^^
  File "C:\tg bot\app\bot\handlers\profile.py", line 92, in accounts
    await common.edit(
    ...<4 lines>...
    )
  File "C:\tg bot\app\bot\common.py", line 226, in edit
    await cb.answer()
  File "C:\tg bot\.venv\Lib\site-packages\aiogram\methods\base.py", line 82, in emit
    return await bot(self)
           ^^^^^^^^^^^^^^^
  File "C:\tg bot\.venv\Lib\site-packages\aiogram\client\bot.py", line 514, in __call__
    return await self.session(self, method, timeout=request_timeout)
           ^^^^^^^^^^^^^^^^^^^^^^^^^^^^^^^^^^^^^^^^^^^^^^^^^^^^^^^^^
  File "C:\tg bot\.venv\Lib\site-packages\aiogram\client\session\base.py", line 259, in __call__
    return cast(TelegramType, await middleware(bot, method))
                              ^^^^^^^^^^^^^^^^^^^^^^^^^^^^^
  File "C:\tg bot\.venv\Lib\site-packages\aiogram\client\session\aiohttp.py", line 176, in make_request
    raise TelegramNetworkError(method=method, message=f"{type(e).__name__}: {e}") from e
aiogram.exceptions.TelegramNetworkError: HTTP Client says - ClientOSError: [WinError 121] Превышен таймаут семафора
2026-08-23 14:33:21,153 ERROR   events         [system] bot_error user=None TelegramNetworkError: HTTP Client says - ClientOSError: [WinError 121] Превышен таймаут семафора
2026-08-23 14:33:22,577 ERROR   aiogram.dispatcher Failed to fetch updates - TelegramNetworkError: HTTP Client says - ClientOSError: [WinError 121] Превышен таймаут семафора
2026-08-23 14:33:22,581 WARNING aiogram.dispatcher Sleep for 1.000000 seconds and try again... (tryings = 0, bot id = 8838707397)
2026-08-23 14:33:31,175 WARNING bot            не удалось заменить баннер None: HTTP Client says - ClientOSError: [WinError 121] Превышен таймаут семафора; оставляю текущую фотографию
2026-08-23 14:33:31,415 INFO    aiogram.event  Update id=621125624 is handled. Duration 33916 ms by bot id=8838707397
2026-08-23 14:33:36,584 INFO    aiogram.dispatcher Connection established (tryings = 1, bot id = 8838707397)
2026-08-23 14:33:37,970 INFO    aiogram.event  Update id=621125626 is handled. Duration 1380 ms by bot id=8838707397
2026-08-23 14:33:39,102 ERROR   bot            ошибка обработки апдейта
Traceback (most recent call last):
  File "C:\tg bot\.venv\Lib\site-packages\aiogram\dispatcher\middlewares\error.py", line 27, in __call__
    return await handler(event, data)
           ^^^^^^^^^^^^^^^^^^^^^^^^^^
  File "C:\tg bot\.venv\Lib\site-packages\aiogram\dispatcher\middlewares\user_context.py", line 58, in __call__
    return await handler(event, data)
           ^^^^^^^^^^^^^^^^^^^^^^^^^^
  File "C:\tg bot\.venv\Lib\site-packages\aiogram\fsm\middleware.py", line 43, in __call__
    return await handler(event, data)
           ^^^^^^^^^^^^^^^^^^^^^^^^^^
  File "C:\tg bot\app\bot\middlewares.py", line 35, in __call__
    return await handler(event, data)
           ^^^^^^^^^^^^^^^^^^^^^^^^^^
  File "C:\tg bot\app\bot\middlewares.py", line 74, in __call__
    return await handler(event, data)
           ^^^^^^^^^^^^^^^^^^^^^^^^^^
  File "C:\tg bot\.venv\Lib\site-packages\aiogram\dispatcher\event\telegram.py", line 126, in trigger
    return await wrapped_inner(event, kwargs)
           ^^^^^^^^^^^^^^^^^^^^^^^^^^^^^^^^^^
  File "C:\tg bot\.venv\Lib\site-packages\aiogram\dispatcher\event\handler.py", line 71, in call
    return await wrapped()
           ^^^^^^^^^^^^^^^
  File "C:\tg bot\.venv\Lib\site-packages\aiogram\dispatcher\dispatcher.py", line 283, in _listen_update
    return await self.propagate_event(update_type=update_type, event=event, **kwargs)
           ^^^^^^^^^^^^^^^^^^^^^^^^^^^^^^^^^^^^^^^^^^^^^^^^^^^^^^^^^^^^^^^^^^^^^^^^^^
  File "C:\tg bot\.venv\Lib\site-packages\aiogram\dispatcher\router.py", line 167, in propagate_event
    return await observer.wrap_outer_middleware(_wrapped, event=event, data=kwargs)
           ^^^^^^^^^^^^^^^^^^^^^^^^^^^^^^^^^^^^^^^^^^^^^^^^^^^^^^^^^^^^^^^^^^^^^^^^
  File "C:\tg bot\.venv\Lib\site-packages\aiogram\dispatcher\router.py", line 159, in _wrapped
    return await self._propagate_event(
           ^^^^^^^^^^^^^^^^^^^^^^^^^^^^
    ...<4 lines>...
    )
    ^
  File "C:\tg bot\.venv\Lib\site-packages\aiogram\dispatcher\router.py", line 195, in _propagate_event
    response = await router.propagate_event(update_type=update_type, event=event, **kwargs)
               ^^^^^^^^^^^^^^^^^^^^^^^^^^^^^^^^^^^^^^^^^^^^^^^^^^^^^^^^^^^^^^^^^^^^^^^^^^^^
  File "C:\tg bot\.venv\Lib\site-packages\aiogram\dispatcher\router.py", line 167, in propagate_event
    return await observer.wrap_outer_middleware(_wrapped, event=event, data=kwargs)
           ^^^^^^^^^^^^^^^^^^^^^^^^^^^^^^^^^^^^^^^^^^^^^^^^^^^^^^^^^^^^^^^^^^^^^^^^
  File "C:\tg bot\.venv\Lib\site-packages\aiogram\dispatcher\router.py", line 159, in _wrapped
    return await self._propagate_event(
           ^^^^^^^^^^^^^^^^^^^^^^^^^^^^
    ...<4 lines>...
    )
    ^
  File "C:\tg bot\.venv\Lib\site-packages\aiogram\dispatcher\router.py", line 187, in _propagate_event
    response = await observer.trigger(event, **kwargs)
               ^^^^^^^^^^^^^^^^^^^^^^^^^^^^^^^^^^^^^^^
  File "C:\tg bot\.venv\Lib\site-packages\aiogram\dispatcher\event\telegram.py", line 126, in trigger
    return await wrapped_inner(event, kwargs)
           ^^^^^^^^^^^^^^^^^^^^^^^^^^^^^^^^^^
  File "C:\tg bot\.venv\Lib\site-packages\aiogram\dispatcher\event\handler.py", line 71, in call
    return await wrapped()
           ^^^^^^^^^^^^^^^
  File "C:\tg bot\app\bot\handlers\shop.py", line 203, in open_account
    await common.edit(cb, text, keyboard)
  File "C:\tg bot\app\bot\common.py", line 226, in edit
    await cb.answer()
  File "C:\tg bot\.venv\Lib\site-packages\aiogram\methods\base.py", line 82, in emit
    return await bot(self)
           ^^^^^^^^^^^^^^^
  File "C:\tg bot\.venv\Lib\site-packages\aiogram\client\bot.py", line 514, in __call__
    return await self.session(self, method, timeout=request_timeout)
           ^^^^^^^^^^^^^^^^^^^^^^^^^^^^^^^^^^^^^^^^^^^^^^^^^^^^^^^^^
  File "C:\tg bot\.venv\Lib\site-packages\aiogram\client\session\base.py", line 259, in __call__
    return cast(TelegramType, await middleware(bot, method))
                              ^^^^^^^^^^^^^^^^^^^^^^^^^^^^^
  File "C:\tg bot\.venv\Lib\site-packages\aiogram\client\session\aiohttp.py", line 177, in make_request
    response = self.check_response(
        bot=bot,
    ...<2 lines>...
        content=raw_result,
    )
  File "C:\tg bot\.venv\Lib\site-packages\aiogram\client\session\base.py", line 121, in check_response
    raise TelegramBadRequest(method=method, message=description)
aiogram.exceptions.TelegramBadRequest: Telegram server says - Bad Request: query is too old and response timeout expired or query ID is invalid
2026-08-23 14:33:39,136 ERROR   events         [system] bot_error user=None TelegramBadRequest: Telegram server says - Bad Request: query is too old and response timeout expired or query ID is invalid
2026-08-23 14:33:40,346 INFO    aiogram.event  Update id=621125625 is handled. Duration 39971 ms by bot id=8838707397
2026-08-23 14:33:46,919 INFO    aiogram.event  Update id=621125627 is handled. Duration 1144 ms by bot id=8838707397
2026-08-23 14:33:48,547 INFO    aiogram.event  Update id=621125628 is handled. Duration 1140 ms by bot id=8838707397
2026-08-23 14:33:49,229 INFO    events         [shop] transfer_created user=1 создана одноразовая ссылка передачи
2026-08-23 14:33:50,363 INFO    aiogram.event  Update id=621125629 is handled. Duration 1174 ms by bot id=8838707397
2026-08-23 14:34:00,676 INFO    events         [user] start user=2 повторный вход
2026-08-23 14:34:00,733 INFO    events         [shop] order_transferred user=2 заказ передан от пользователя 1
2026-08-23 14:34:01,925 INFO    aiogram.event  Update id=621125630 is handled. Duration 1266 ms by bot id=8838707397
2026-08-23 14:34:04,452 INFO    events         [user] open_profile user=2 
2026-08-23 14:34:05,038 INFO    aiogram.event  Update id=621125631 is handled. Duration 605 ms by bot id=8838707397
2026-08-23 14:34:06,155 INFO    events         [user] open_accounts user=2 
2026-08-23 14:34:07,491 INFO    aiogram.event  Update id=621125632 is handled. Duration 1375 ms by bot id=8838707397
2026-08-23 14:34:09,079 INFO    aiogram.event  Update id=621125633 is handled. Duration 1150 ms by bot id=8838707397
2026-08-23 14:35:22,066 INFO    catalog        наличие: 1=3271
2026-08-23 14:38:25,822 INFO    catalog        наличие: 1=3271
2026-08-23 14:41:28,489 INFO    catalog        наличие: 1=3271
2026-08-23 14:44:30,703 INFO    catalog        наличие: 1=3271
2026-08-23 14:47:26,647 ERROR   aiogram.dispatcher Failed to fetch updates - TelegramNetworkError: HTTP Client says - ClientOSError: [WinError 64] Указанное сетевое имя более недоступно
2026-08-23 14:47:26,663 WARNING aiogram.dispatcher Sleep for 1.000000 seconds and try again... (tryings = 0, bot id = 8838707397)
2026-08-23 14:47:45,805 INFO    catalog        наличие: 1=3270
2026-08-23 14:47:54,579 INFO    aiogram.dispatcher Connection established (tryings = 1, bot id = 8838707397)
2026-08-23 14:50:47,857 INFO    catalog        наличие: 1=3270
2026-08-23 14:53:50,352 INFO    catalog        наличие: 1=3270
2026-08-23 14:55:47,732 INFO    events         [earn] open user=1 
2026-08-23 14:55:52,174 INFO    aiogram.event  Update id=621125634 is handled. Duration 4639 ms by bot id=8838707397
2026-08-23 14:55:53,364 INFO    events         [earn] open_comments user=1 
2026-08-23 14:55:54,144 WARNING bot            битая разметка в экране бота: Telegram server says - Bad Request: can't parse entities: Unsupported start tag "Настройки" at byte offset 246
2026-08-23 14:55:55,550 INFO    aiogram.event  Update id=621125635 is handled. Duration 2235 ms by bot id=8838707397
2026-08-23 14:56:52,882 INFO    catalog        наличие: 1=3269
2026-08-23 14:59:55,199 INFO    catalog        наличие: 1=3268
2026-08-23 15:02:57,616 INFO    catalog        наличие: 1=3268
2026-08-23 15:05:57,948 ERROR   aiogram.dispatcher Failed to fetch updates - TelegramNetworkError: HTTP Client says - ClientOSError: [WinError 64] Указанное сетевое имя более недоступно
2026-08-23 15:05:57,955 WARNING aiogram.dispatcher Sleep for 1.000000 seconds and try again... (tryings = 0, bot id = 8838707397)
2026-08-23 15:06:03,292 INFO    catalog        наличие: 1=3268
2026-08-23 15:06:14,762 INFO    aiogram.dispatcher Connection established (tryings = 1, bot id = 8838707397)
2026-08-23 15:09:05,844 INFO    catalog        наличие: 1=3268
2026-08-23 15:12:09,235 INFO    catalog        наличие: 1=3267
2026-08-23 15:13:39,480 INFO    events         [payment] open user=1 
2026-08-23 15:13:46,827 INFO    aiogram.event  Update id=621125636 is handled. Duration 7468 ms by bot id=8838707397
2026-08-23 15:13:51,496 INFO    aiogram.event  Update id=621125637 is handled. Duration 619 ms by bot id=8838707397
2026-08-23 15:13:55,713 INFO    aiogram.event  Update id=621125638 is handled. Duration 603 ms by bot id=8838707397
2026-08-23 15:13:58,581 INFO    events         [earn] open user=1 
2026-08-23 15:13:59,205 INFO    aiogram.event  Update id=621125639 is handled. Duration 655 ms by bot id=8838707397
2026-08-23 15:14:00,552 INFO    events         [earn] open_comments user=1 
2026-08-23 15:14:01,118 WARNING bot            битая разметка в экране бота: Telegram server says - Bad Request: can't parse entities: Unsupported start tag "Настройки" at byte offset 255
2026-08-23 15:14:02,449 INFO    aiogram.event  Update id=621125640 is handled. Duration 1950 ms by bot id=8838707397
2026-08-23 15:15:11,433 INFO    catalog        наличие: 1=3267
2026-08-23 15:18:14,084 INFO    catalog        наличие: 1=3266
2026-08-23 15:21:16,901 INFO    catalog        наличие: 1=3265
2026-08-23 15:24:19,148 INFO    catalog        наличие: 1=3265
2026-08-23 15:59:10,725 INFO    catalog        обновление наличия каждые 180 с
2026-08-23 15:59:10,742 INFO    payments       опрос неоплаченных счетов каждые 25 с
2026-08-23 15:59:10,747 INFO    reviews        публикация отзывов раз в 20 с
2026-08-23 15:59:12,419 INFO    bot.broadcasts очередь рассылок запущена, восстановлено строк: 0
2026-08-23 15:59:19,330 INFO    bot            бот @AntarcticShop_Robot (id 8838707397) запущен
2026-08-23 15:59:20,831 INFO    events         [system] bot_started user=None 
2026-08-23 15:59:20,926 INFO    aiogram.dispatcher Start polling
2026-08-23 15:59:20,990 INFO    catalog        наличие: 1=3261
2026-08-23 15:59:21,543 INFO    aiogram.dispatcher Run polling for bot @AntarcticShop_Robot id=8838707397 - 'Antarctic Shop'
2026-08-23 15:59:46,066 INFO    events         [shop] open user=1 
2026-08-23 15:59:50,592 INFO    aiogram.event  Update id=621125641 is handled. Duration 4562 ms by bot id=8838707397
2026-08-23 15:59:53,996 INFO    aiogram.event  Update id=621125642 is handled. Duration 1983 ms by bot id=8838707397
2026-08-23 16:00:13,310 INFO    aiogram.event  Update id=621125643 is handled. Duration 1147 ms by bot id=8838707397
2026-08-23 16:00:29,070 INFO    aiogram.event  Update id=621125644 is handled. Duration 1321 ms by bot id=8838707397
2026-08-23 16:00:32,030 INFO    aiogram.event  Update id=621125645 is handled. Duration 1148 ms by bot id=8838707397
2026-08-23 16:00:40,820 INFO    aiogram.event  Update id=621125646 is handled. Duration 1224 ms by bot id=8838707397
2026-08-23 16:00:43,834 INFO    events         [user] open_profile user=1 
2026-08-23 16:00:45,412 INFO    aiogram.event  Update id=621125647 is handled. Duration 1598 ms by bot id=8838707397
2026-08-23 16:00:47,013 INFO    events         [user] open_accounts user=1 
2026-08-23 16:00:48,183 INFO    aiogram.event  Update id=621125648 is handled. Duration 1198 ms by bot id=8838707397
2026-08-23 16:00:50,129 INFO    aiogram.event  Update id=621125649 is handled. Duration 1539 ms by bot id=8838707397
2026-08-23 16:00:51,431 INFO    events         [shop] open user=1 
2026-08-23 16:00:52,021 INFO    aiogram.event  Update id=621125650 is handled. Duration 602 ms by bot id=8838707397
2026-08-23 16:00:54,574 INFO    aiogram.event  Update id=621125651 is handled. Duration 1319 ms by bot id=8838707397
2026-08-23 16:00:56,618 INFO    events         [balance] debit user=1 −40 ₽ → 0 ₽ (заказ №4, США +1 🇺🇸)
2026-08-23 16:00:56,623 INFO    events         [shop] order_created user=1 США +1 🇺🇸 за 40 ₽ (bot)
2026-08-23 16:01:04,678 INFO    events         [shop] order_purchased user=1 США +1 🇺🇸: 1620…64, закуп 18 ₽, маржа 22 ₽
2026-08-23 16:01:05,481 INFO    aiogram.event  Update id=621125652 is handled. Duration 10077 ms by bot id=8838707397
2026-08-23 16:01:12,943 INFO    aiogram.event  Update id=621125653 is handled. Duration 1337 ms by bot id=8838707397
2026-08-23 16:01:14,407 INFO    events         [support] user_message user=1 обращение №5: Прошу заменить аккаунт по заказу №4. Страна: США +1 🇺🇸; номер: 1620…64.
2026-08-23 16:01:14,428 INFO    events         [support] replacement_requested user=1 заявка на замену по гарантии 12 ч
2026-08-23 16:01:15,527 INFO    aiogram.event  Update id=621125654 is handled. Duration 1159 ms by bot id=8838707397
2026-08-23 16:01:45,078 INFO    aiogram.event  Update id=621125655 is handled. Duration 1400 ms by bot id=8838707397
2026-08-23 16:01:49,603 WARNING events         [lzt] code_failed user=1 Код для входа в Telegram не найден. Пожалуйста, вышлите код заново.
2026-08-23 16:01:50,728 INFO    aiogram.event  Update id=621125656 is handled. Duration 3638 ms by bot id=8838707397
2026-08-23 16:02:40,183 INFO    catalog        наличие: 1=3260
2026-08-23 16:02:46,378 ERROR   aiogram.dispatcher Failed to fetch updates - TelegramNetworkError: HTTP Client says - ClientOSError: [WinError 64] Указанное сетевое имя более недоступно
2026-08-23 16:02:46,379 WARNING aiogram.dispatcher Sleep for 1.000000 seconds and try again... (tryings = 0, bot id = 8838707397)
2026-08-23 16:02:51,724 INFO    aiogram.dispatcher Connection established (tryings = 1, bot id = 8838707397)
2026-08-23 16:02:54,088 INFO    events         [shop] code_issued user=1 1620…64, запрос 1
2026-08-23 16:02:54,099 INFO    events         [shop] code_issued user=1 1620…64, запрос 1
2026-08-23 16:02:58,605 ERROR   bot            ошибка обработки апдейта
Traceback (most recent call last):
  File "C:\tg bot\.venv\Lib\site-packages\aiogram\dispatcher\middlewares\error.py", line 27, in __call__
    return await handler(event, data)
           ^^^^^^^^^^^^^^^^^^^^^^^^^^
  File "C:\tg bot\.venv\Lib\site-packages\aiogram\dispatcher\middlewares\user_context.py", line 58, in __call__
    return await handler(event, data)
           ^^^^^^^^^^^^^^^^^^^^^^^^^^
  File "C:\tg bot\.venv\Lib\site-packages\aiogram\fsm\middleware.py", line 43, in __call__
    return await handler(event, data)
           ^^^^^^^^^^^^^^^^^^^^^^^^^^
  File "C:\tg bot\app\bot\middlewares.py", line 35, in __call__
    return await handler(event, data)
           ^^^^^^^^^^^^^^^^^^^^^^^^^^
  File "C:\tg bot\app\bot\middlewares.py", line 74, in __call__
    return await handler(event, data)
           ^^^^^^^^^^^^^^^^^^^^^^^^^^
  File "C:\tg bot\.venv\Lib\site-packages\aiogram\dispatcher\event\telegram.py", line 126, in trigger
    return await wrapped_inner(event, kwargs)
           ^^^^^^^^^^^^^^^^^^^^^^^^^^^^^^^^^^
  File "C:\tg bot\.venv\Lib\site-packages\aiogram\dispatcher\event\handler.py", line 71, in call
    return await wrapped()
           ^^^^^^^^^^^^^^^
  File "C:\tg bot\.venv\Lib\site-packages\aiogram\dispatcher\dispatcher.py", line 283, in _listen_update
    return await self.propagate_event(update_type=update_type, event=event, **kwargs)
           ^^^^^^^^^^^^^^^^^^^^^^^^^^^^^^^^^^^^^^^^^^^^^^^^^^^^^^^^^^^^^^^^^^^^^^^^^^
  File "C:\tg bot\.venv\Lib\site-packages\aiogram\dispatcher\router.py", line 167, in propagate_event
    return await observer.wrap_outer_middleware(_wrapped, event=event, data=kwargs)
           ^^^^^^^^^^^^^^^^^^^^^^^^^^^^^^^^^^^^^^^^^^^^^^^^^^^^^^^^^^^^^^^^^^^^^^^^
  File "C:\tg bot\.venv\Lib\site-packages\aiogram\dispatcher\router.py", line 159, in _wrapped
    return await self._propagate_event(
           ^^^^^^^^^^^^^^^^^^^^^^^^^^^^
    ...<4 lines>...
    )
    ^
  File "C:\tg bot\.venv\Lib\site-packages\aiogram\dispatcher\router.py", line 195, in _propagate_event
    response = await router.propagate_event(update_type=update_type, event=event, **kwargs)
               ^^^^^^^^^^^^^^^^^^^^^^^^^^^^^^^^^^^^^^^^^^^^^^^^^^^^^^^^^^^^^^^^^^^^^^^^^^^^
  File "C:\tg bot\.venv\Lib\site-packages\aiogram\dispatcher\router.py", line 167, in propagate_event
    return await observer.wrap_outer_middleware(_wrapped, event=event, data=kwargs)
           ^^^^^^^^^^^^^^^^^^^^^^^^^^^^^^^^^^^^^^^^^^^^^^^^^^^^^^^^^^^^^^^^^^^^^^^^
  File "C:\tg bot\.venv\Lib\site-packages\aiogram\dispatcher\router.py", line 159, in _wrapped
    return await self._propagate_event(
           ^^^^^^^^^^^^^^^^^^^^^^^^^^^^
    ...<4 lines>...
    )
    ^
  File "C:\tg bot\.venv\Lib\site-packages\aiogram\dispatcher\router.py", line 187, in _propagate_event
    response = await observer.trigger(event, **kwargs)
               ^^^^^^^^^^^^^^^^^^^^^^^^^^^^^^^^^^^^^^^
  File "C:\tg bot\.venv\Lib\site-packages\aiogram\dispatcher\event\telegram.py", line 126, in trigger
    return await wrapped_inner(event, kwargs)
           ^^^^^^^^^^^^^^^^^^^^^^^^^^^^^^^^^^
  File "C:\tg bot\.venv\Lib\site-packages\aiogram\dispatcher\event\handler.py", line 71, in call
    return await wrapped()
           ^^^^^^^^^^^^^^^
  File "C:\tg bot\app\bot\handlers\shop.py", line 351, in get_code
    await cb.answer("Код пришёл ниже")
  File "C:\tg bot\.venv\Lib\site-packages\aiogram\methods\base.py", line 82, in emit
    return await bot(self)
           ^^^^^^^^^^^^^^^
  File "C:\tg bot\.venv\Lib\site-packages\aiogram\client\bot.py", line 514, in __call__
    return await self.session(self, method, timeout=request_timeout)
           ^^^^^^^^^^^^^^^^^^^^^^^^^^^^^^^^^^^^^^^^^^^^^^^^^^^^^^^^^
  File "C:\tg bot\.venv\Lib\site-packages\aiogram\client\session\base.py", line 259, in __call__
    return cast(TelegramType, await middleware(bot, method))
                              ^^^^^^^^^^^^^^^^^^^^^^^^^^^^^
  File "C:\tg bot\.venv\Lib\site-packages\aiogram\client\session\aiohttp.py", line 177, in make_request
    response = self.check_response(
        bot=bot,
    ...<2 lines>...
        content=raw_result,
    )
  File "C:\tg bot\.venv\Lib\site-packages\aiogram\client\session\base.py", line 121, in check_response
    raise TelegramBadRequest(method=method, message=description)
aiogram.exceptions.TelegramBadRequest: Telegram server says - Bad Request: query is too old and response timeout expired or query ID is invalid
2026-08-23 16:03:00,300 ERROR   events         [system] bot_error user=None TelegramBadRequest: Telegram server says - Bad Request: query is too old and response timeout expired or query ID is invalid
2026-08-23 16:03:01,202 INFO    aiogram.event  Update id=621125658 is handled. Duration 9472 ms by bot id=8838707397
2026-08-23 16:03:01,576 INFO    aiogram.event  Update id=621125657 is handled. Duration 9848 ms by bot id=8838707397
2026-08-23 16:03:21,199 INFO    aiogram.event  Update id=621125659 is handled. Duration 1704 ms by bot id=8838707397
2026-08-23 16:03:25,581 INFO    telethon.crypto.libssl Failed to load SSL library: <class 'OSError'> (no library called "ssl" found)
2026-08-23 16:03:25,585 INFO    telethon.crypto.aes cryptg module not installed and libssl not found, falling back to (slower) Python encryption
2026-08-23 16:03:26,084 INFO    telethon.network.mtprotosender Connecting to 149.154.175.53:443/TcpFull...
2026-08-23 16:03:26,092 INFO    telethon.network.mtprotosender Connection to 149.154.175.53:443/TcpFull complete!
2026-08-23 16:03:26,862 INFO    telethon.network.mtprotosender System clock is wrong, set time offset to -32s
2026-08-23 16:03:27,152 WARNING telethon.network.mtprotostate Server resent the older message 7677103608872541185, ignoring
2026-08-23 16:03:29,942 INFO    telethon.network.mtprotosender Disconnecting from 149.154.175.53:443/TcpFull...
2026-08-23 16:03:29,945 INFO    telethon.network.mtprotosender Disconnection from 149.154.175.53:443/TcpFull complete!
2026-08-23 16:03:29,950 INFO    events         [shop] account_cleaned user=1 диалоги 4, группы 0, каналы 0, контакты 0, ошибки 0
2026-08-23 16:03:30,526 INFO    aiogram.event  Update id=621125660 is handled. Duration 6912 ms by bot id=8838707397
2026-08-23 16:03:45,375 INFO    aiogram.event  Update id=621125661 is handled. Duration 1331 ms by bot id=8838707397
2026-08-23 16:03:57,769 INFO    aiogram.event  Update id=621125662 is handled. Duration 1406 ms by bot id=8838707397
2026-08-23 16:03:59,292 INFO    aiogram.event  Update id=621125663 is handled. Duration 1185 ms by bot id=8838707397
2026-08-23 16:04:41,516 WARNING events         [lzt] reset_failed user=1 Изменения сохранены
2026-08-23 16:04:42,069 INFO    aiogram.event  Update id=621125664 is handled. Duration 2689 ms by bot id=8838707397
2026-08-23 16:05:35,548 INFO    events         [user] open_profile user=1 
2026-08-23 16:05:36,442 INFO    aiogram.event  Update id=621125665 is handled. Duration 938 ms by bot id=8838707397
2026-08-23 16:05:37,408 INFO    events         [support] open user=1 
2026-08-23 16:05:39,115 INFO    aiogram.event  Update id=621125666 is handled. Duration 1743 ms by bot id=8838707397
2026-08-23 16:05:42,364 INFO    catalog        наличие: 1=3263
2026-08-23 16:05:48,551 INFO    events         [shop] open user=1 
2026-08-23 16:05:49,348 INFO    aiogram.event  Update id=621125667 is handled. Duration 816 ms by bot id=8838707397
2026-08-23 16:05:50,582 INFO    events         [user] open_profile user=1 
2026-08-23 16:05:51,186 INFO    aiogram.event  Update id=621125668 is handled. Duration 625 ms by bot id=8838707397
2026-08-23 16:05:55,547 INFO    events         [shop] open user=1 
2026-08-23 16:05:56,349 INFO    aiogram.event  Update id=621125669 is handled. Duration 832 ms by bot id=8838707397
2026-08-23 16:08:44,819 INFO    catalog        наличие: 1=3263
2026-08-23 17:19:43,871 INFO    catalog        обновление наличия каждые 180 с
2026-08-23 17:19:43,890 INFO    payments       опрос неоплаченных счетов каждые 25 с
2026-08-23 17:19:43,895 INFO    reviews        публикация отзывов раз в 20 с
2026-08-23 17:19:45,489 INFO    bot.broadcasts очередь рассылок запущена, восстановлено строк: 0
2026-08-23 17:19:47,841 INFO    catalog        наличие: 1=3194
2026-08-23 17:19:48,584 INFO    bot            бот @AntarcticShop_Robot (id 8838707397) запущен
2026-08-23 17:19:49,658 INFO    events         [system] bot_started user=None 
2026-08-23 17:19:49,677 INFO    aiogram.dispatcher Start polling
2026-08-23 17:19:50,202 INFO    aiogram.dispatcher Run polling for bot @AntarcticShop_Robot id=8838707397 - 'Antarctic Shop'
2026-08-23 17:19:50,814 INFO    events         [user] start_new user=4 новый клиент @vibes_apps_help
2026-08-23 17:19:55,389 INFO    aiogram.event  Update id=621125671 is handled. Duration 4627 ms by bot id=8838707397
2026-08-23 17:19:55,390 ERROR   bot            ошибка обработки апдейта
Traceback (most recent call last):
  File "C:\tg bot\.venv\Lib\site-packages\aiogram\dispatcher\middlewares\error.py", line 27, in __call__
    return await handler(event, data)
           ^^^^^^^^^^^^^^^^^^^^^^^^^^
  File "C:\tg bot\.venv\Lib\site-packages\aiogram\dispatcher\middlewares\user_context.py", line 58, in __call__
    return await handler(event, data)
           ^^^^^^^^^^^^^^^^^^^^^^^^^^
  File "C:\tg bot\.venv\Lib\site-packages\aiogram\fsm\middleware.py", line 43, in __call__
    return await handler(event, data)
           ^^^^^^^^^^^^^^^^^^^^^^^^^^
  File "C:\tg bot\app\bot\middlewares.py", line 35, in __call__
    return await handler(event, data)
           ^^^^^^^^^^^^^^^^^^^^^^^^^^
  File "C:\tg bot\app\bot\middlewares.py", line 74, in __call__
    return await handler(event, data)
           ^^^^^^^^^^^^^^^^^^^^^^^^^^
  File "C:\tg bot\.venv\Lib\site-packages\aiogram\dispatcher\event\telegram.py", line 126, in trigger
    return await wrapped_inner(event, kwargs)
           ^^^^^^^^^^^^^^^^^^^^^^^^^^^^^^^^^^
  File "C:\tg bot\.venv\Lib\site-packages\aiogram\dispatcher\event\handler.py", line 71, in call
    return await wrapped()
           ^^^^^^^^^^^^^^^
  File "C:\tg bot\.venv\Lib\site-packages\aiogram\dispatcher\dispatcher.py", line 283, in _listen_update
    return await self.propagate_event(update_type=update_type, event=event, **kwargs)
           ^^^^^^^^^^^^^^^^^^^^^^^^^^^^^^^^^^^^^^^^^^^^^^^^^^^^^^^^^^^^^^^^^^^^^^^^^^
  File "C:\tg bot\.venv\Lib\site-packages\aiogram\dispatcher\router.py", line 167, in propagate_event
    return await observer.wrap_outer_middleware(_wrapped, event=event, data=kwargs)
           ^^^^^^^^^^^^^^^^^^^^^^^^^^^^^^^^^^^^^^^^^^^^^^^^^^^^^^^^^^^^^^^^^^^^^^^^
  File "C:\tg bot\app\bot\middlewares.py", line 92, in __call__
    return await handler(event, data)
           ^^^^^^^^^^^^^^^^^^^^^^^^^^
  File "C:\tg bot\.venv\Lib\site-packages\aiogram\dispatcher\router.py", line 159, in _wrapped
    return await self._propagate_event(
           ^^^^^^^^^^^^^^^^^^^^^^^^^^^^
    ...<4 lines>...
    )
    ^
  File "C:\tg bot\.venv\Lib\site-packages\aiogram\dispatcher\router.py", line 195, in _propagate_event
    response = await router.propagate_event(update_type=update_type, event=event, **kwargs)
               ^^^^^^^^^^^^^^^^^^^^^^^^^^^^^^^^^^^^^^^^^^^^^^^^^^^^^^^^^^^^^^^^^^^^^^^^^^^^
  File "C:\tg bot\.venv\Lib\site-packages\aiogram\dispatcher\router.py", line 167, in propagate_event
    return await observer.wrap_outer_middleware(_wrapped, event=event, data=kwargs)
           ^^^^^^^^^^^^^^^^^^^^^^^^^^^^^^^^^^^^^^^^^^^^^^^^^^^^^^^^^^^^^^^^^^^^^^^^
  File "C:\tg bot\.venv\Lib\site-packages\aiogram\dispatcher\router.py", line 159, in _wrapped
    return await self._propagate_event(
           ^^^^^^^^^^^^^^^^^^^^^^^^^^^^
    ...<4 lines>...
    )
    ^
  File "C:\tg bot\.venv\Lib\site-packages\aiogram\dispatcher\router.py", line 187, in _propagate_event
    response = await observer.trigger(event, **kwargs)
               ^^^^^^^^^^^^^^^^^^^^^^^^^^^^^^^^^^^^^^^
  File "C:\tg bot\.venv\Lib\site-packages\aiogram\dispatcher\event\telegram.py", line 126, in trigger
    return await wrapped_inner(event, kwargs)
           ^^^^^^^^^^^^^^^^^^^^^^^^^^^^^^^^^^
  File "C:\tg bot\.venv\Lib\site-packages\aiogram\dispatcher\event\handler.py", line 71, in call
    return await wrapped()
           ^^^^^^^^^^^^^^^
  File "C:\tg bot\app\bot\handlers\start.py", line 36, in cmd_start
    await common.send_menu(message, session)
  File "C:\tg bot\app\bot\common.py", line 251, in send_menu
    await answer_photo(message, assets.WELCOME, welcome, main_menu(earn=earn_on))
  File "C:\tg bot\app\bot\common.py", line 105, in answer_photo
    sent = await message.answer_photo(
           ^^^^^^^^^^^^^^^^^^^^^^^^^^^
        _photo_input(photo), caption=caption, reply_markup=keyboard, **kw
        ^^^^^^^^^^^^^^^^^^^^^^^^^^^^^^^^^^^^^^^^^^^^^^^^^^^^^^^^^^^^^^^^^
    )
    ^
  File "C:\tg bot\.venv\Lib\site-packages\aiogram\methods\base.py", line 82, in emit
    return await bot(self)
           ^^^^^^^^^^^^^^^
  File "C:\tg bot\.venv\Lib\site-packages\aiogram\client\bot.py", line 514, in __call__
    return await self.session(self, method, timeout=request_timeout)
           ^^^^^^^^^^^^^^^^^^^^^^^^^^^^^^^^^^^^^^^^^^^^^^^^^^^^^^^^^
  File "C:\tg bot\.venv\Lib\site-packages\aiogram\client\session\base.py", line 259, in __call__
    return cast(TelegramType, await middleware(bot, method))
                              ^^^^^^^^^^^^^^^^^^^^^^^^^^^^^
  File "C:\tg bot\.venv\Lib\site-packages\aiogram\client\session\aiohttp.py", line 177, in make_request
    response = self.check_response(
        bot=bot,
    ...<2 lines>...
        content=raw_result,
    )
  File "C:\tg bot\.venv\Lib\site-packages\aiogram\client\session\base.py", line 129, in check_response
    raise TelegramForbiddenError(method=method, message=description)
aiogram.exceptions.TelegramForbiddenError: Telegram server says - Forbidden: bot was blocked by the user
2026-08-23 17:19:55,432 ERROR   events         [system] bot_error user=None TelegramForbiddenError: Telegram server says - Forbidden: bot was blocked by the user
2026-08-23 17:19:55,999 INFO    aiogram.event  Update id=621125670 is handled. Duration 5249 ms by bot id=8838707397
2026-08-23 17:20:59,491 INFO    events         [user] open_profile user=1 
2026-08-23 17:21:01,323 INFO    aiogram.event  Update id=621125672 is handled. Duration 1870 ms by bot id=8838707397
2026-08-23 17:21:02,649 INFO    events         [user] open_accounts user=1 
2026-08-23 17:21:04,073 INFO    aiogram.event  Update id=621125673 is handled. Duration 1453 ms by bot id=8838707397
2026-08-23 17:21:06,216 INFO    aiogram.event  Update id=621125674 is handled. Duration 1568 ms by bot id=8838707397
2026-08-23 17:21:12,388 WARNING events         [lzt] reset_failed user=1 Изменения сохранены
2026-08-23 17:21:12,987 INFO    aiogram.event  Update id=621125675 is handled. Duration 2473 ms by bot id=8838707397
2026-08-23 17:22:50,124 INFO    catalog        наличие: 1=3193
2026-08-23 17:27:12,664 INFO    catalog        обновление наличия каждые 180 с
2026-08-23 17:27:12,679 INFO    payments       опрос неоплаченных счетов каждые 25 с
2026-08-23 17:27:12,692 INFO    reviews        публикация отзывов раз в 20 с
2026-08-23 17:27:14,810 INFO    bot.broadcasts очередь рассылок запущена, восстановлено строк: 0
2026-08-23 17:27:20,293 INFO    catalog        наличие: 1=3192
2026-08-23 17:27:20,578 INFO    bot            бот @AntarcticShop_Robot (id 8838707397) запущен
2026-08-23 17:27:21,753 INFO    events         [system] bot_started user=None 
2026-08-23 17:27:21,774 INFO    aiogram.dispatcher Start polling
2026-08-23 17:27:22,320 INFO    aiogram.dispatcher Run polling for bot @AntarcticShop_Robot id=8838707397 - 'Antarctic Shop'
2026-08-23 17:27:24,955 INFO    events         [shop] code_issued user=1 1620…64, запрос 2
2026-08-23 17:27:29,228 INFO    bot            callback уже истёк, экран оставлен обновлённым: Telegram server says - Bad Request: query is too old and response timeout expired or query ID is invalid
2026-08-23 17:27:30,707 INFO    aiogram.event  Update id=621125676 is handled. Duration 7798 ms by bot id=8838707397
2026-08-23 17:30:24,139 INFO    catalog        наличие: 1=3189
2026-08-23 22:03:31,341 INFO    catalog        обновление наличия каждые 180 с
2026-08-23 22:03:31,354 INFO    payments       опрос неоплаченных счетов каждые 25 с
2026-08-23 22:03:31,360 INFO    reviews        публикация отзывов раз в 20 с
2026-08-23 22:03:35,395 INFO    bot.broadcasts очередь рассылок запущена, восстановлено строк: 0
2026-08-23 22:03:39,264 INFO    catalog        наличие: 1=4921
2026-08-23 22:03:39,386 INFO    bot            бот @AntarcticShop_Robot (id 8838707397) запущен
2026-08-23 22:03:41,893 INFO    events         [system] bot_started user=None 
2026-08-23 22:03:41,925 INFO    aiogram.dispatcher Start polling
2026-08-23 22:03:42,776 INFO    aiogram.dispatcher Run polling for bot @AntarcticShop_Robot id=8838707397 - 'Antarctic Shop'
